,index,0_x,0_y
0,id_cliente,101155510212225402,999756158932840302
1,fecha_tx_pav,201901,201911
2,fecha_tx_act,201901,201911
3,fecha_pasivo,201812,201910
4,fecha_lib,201901,201911
5,fecha_activo,201812,201910
6,fecha_buro,201812,201909
7,data_camp,201902,201912
8,mes_campaña,2019-02-01 00:00:00,2019-12-01 00:00:00
9,venta,0.0,1.0
10,30first_use,0,1
11,var_final,0,2
12,tipo_campana,pre_aprobados,pre_aprobados
13,periodo,02-2019,12-2019
14,acep_oferta_prev,0.0,1.0
15,num_act_utl_meses,0.0,2.0
16,num_camp_ult_meses,1.0,3.0
17,num_meses_ult_actv,-2.7666666666666666,8.566666666666666
18,num_meses_ult_camp,1.0,11.133333333333333
19,num_no_aceptado,0.0,3.0
20,prom_cupo_aprob,1000000.0,20000000.0
21,acierta_a_financiero,421.0,999.0
22,cancel_mal_manejo_cartera_hist,0.0,0.0
23,cancel_mal_manejo_ctas_banca,0.0,0.0
24,cartera_banca_alt_max_de_mora,0.0,6.0
25,cartera_castig_cartera_actual,0.0,1.0
26,cartera_coope_alt_max_de_mora,0.0,1.0
27,cartera_hipote_alt_max_de_mora,0.0,1.0
28,cartera_recupe_cartera_hist,0.0,8.0
29,cedulaenc,,
30,ctas_ctes_act_cta_banca,0.0,4.0
31,ctas_de_ahorro_act_ctas_banca,0.0,27.0
32,ctas_embargadas_ctas_bancarias,0.0,2.0
33,ctas_en_cobrador_cartera_act,0.0,0.0
34,ctas_saldadas_ctas_banca,0.0,20.0
35,cuotas_calculadas_créditos,0.0,0.0
36,cuotas_calculadas_hipotecarias,0.0,0.0
37,cuotas_calculadas_tdc,0.0,0.0
38,cupo_ajustadi,0.0,0.0
39,cupo_exp_fin,0.0,0.0
40,cupo_final,0.0,0.0
41,cupo_segun_mercado,0.0,0.0
42,cupo_sugerido_1,0.0,0.0
43,cupo_sugerido_2,0.0,0.0
44,cupo_sugerido_3,0.0,0.0
45,dudoso_recaudo_cartera_actual,0.0,1.0
46,endeudamiento,0.0,2.6
47,estado_consulta,1.0,5.0
48,experiencia_financiera,0.0,0.0
49,fecantiapersectorbancasinpopu,0.0,201908.0
50,fecha_data,2018-11-30 00:00:00,2019-08-31 00:00:00
51,fecha_envio,2018-12-17 00:00:00,2019-09-27 00:00:00
52,fecha_mas_antigua_apertura,0.0,201908.0
53,fec_masantapersectorhipsin_pop,0.0,201908.0
54,fec_mas_anti_aper_tdc_sin_popu,0.0,201908.0
55,no_creditos_codeudores,,
56,numero_celulares_telcos,0.0,9.0
57,numero_creditos_cb,0.0,6.0
58,numero_creditos_cf,0.0,38.0
59,numero_creditos_codeudores,0.0,28.0
60,numero_creditos_cooperativas,0.0,56.0
61,numero_creditos_cv,0.0,3.0
62,numero_creditos_sr,0.0,14.0
63,numero_obligaciones_activas,0.0,60.0
64,numero_tdc,0.0,12.0
65,numoblvigensectorbancasin_popu,0.0,5.0
66,numoblvigensector_hip_sin_popu,0.0,3.0
67,num_tdc_vigentes_sin_popular,0.0,12.0
68,obliga_al_dia_cartera_actual,0.0,60.0
69,obliga_mora_120_cartera_actual,0.0,1.0
70,obliga_mora_30_cartera_actual,0.0,5.0
71,obliga_mora_60_cartera_actual,0.0,2.0
72,obliga_mora_90_cartera_actual,0.0,1.0
73,plazo_credito,0.0,0.0
74,plazo_hipotecario,0.0,0.0
75,plazo_tdc,0.0,0.0
76,porcentaje_utilizacion,0.0,3.4
77,porcen_de_cuotas_vs_ingreso,0.0,0.0
78,quanto,0.0,0.0
79,quanto_mod,0.0,19675000.0
80,rango_0,0.0,1.0
81,rango_1,0.0,4.0
82,rango_2,0.0,5.0
83,rango_3,0.0,6.0
84,rango_4,0.0,6.0
85,rango_5,0.0,6.0
86,rango_6,0.0,8.0
87,respuesta,0.0,0.0
88,tasa_creditos,0.0,0.0
89,tasa_hipotecario,0.0,0.0
90,tdc_altura_maxima_de_mora,0.0,6.0
91,total_consultas_ult_6_meses,0.0,14.0
92,ult_año_moras_120_cartera_hist,0.0,9.0
93,ult_año_moras_30_cartera_hist,0.0,5.0
94,ult_año_moras_60_cartera_hist,0.0,5.0
95,ult_año_moras_90_cartera_hist,0.0,2.0
96,utilizacion_sin_popular,0.0,3.4
97,util_sector_banca_sin_popular,0.0,1.2
98,util_sector_hip_sin_popular,0.0,10.4
99,val_cuo_sector_banca_sin_popu,0.0,4349000.0
100,val_morasectorbancasin_popular,0.0,4954000.0
101,val_mora_sector_hip_sin_popu,0.0,301000.0
102,val_util_sector_hip_sin_pop,0.0,390117000.0
103,fecha_real,201812.0,201909.0
104,moramax_mercado,0.0,6.0
105,tiene_carbancos,0.0,1.0
106,tiene_hipotecario,0.0,1.0
107,tiene_cartfinanciera,0.0,1.0
108,tiene_sectorreal,0.0,1.0
109,tiene_sectorcoop,0.0,1.0
110,tiene_codeudor,0.0,1.0
111,llave_lag,0.0,1.0
112,porcentaje_utilizaciondif,-1.0,93.99999999999999
113,numero_obligaciones_activasdif,-1.0,3.0
114,numero_creditos_cbdif,-1.0,2.0
115,valor_inicial_cbdif,-1.0,87467.0
116,valor_saldo_cbdif,-1.0,563.7
117,valor_cuotas_cbdif,-1.0,102.10526315789474
118,valor_mora_cbdif,-1.0,1.0
119,numero_creditos_cvdif,-1.0,1.0
120,valor_inicial_cvdif,-1.0,1.0
121,valor_saldo_cvdif,-1.0,2.2701777377344583
122,valor_cuotas_cvdif,-1.0,5.344370860927152
123,valor_mora_cvdif,-1.0,1.0
124,numero_creditos_cfdif,-1.0,3.3333333333333335
125,valor_inicial_cfdif,-1.0,124.69831223628692
126,valor_saldo_cfdif,-1.0,3516.0
127,valor_cuotas_cfdif,-1.0,184.0
128,valor_mora_cfdif,-1.0,1.0
129,numero_tdcdif,-1.0,3.0
130,valor_cuposdif,-1.0,24.691358024691358
131,valor_utilizadodif,-1.0,8822.0
132,valor_cuotasdif,-1.0,3247.0
133,valor_moradif,-1.0,1.0
134,numero_creditos_srdif,-1.0,3.0
135,valor_inicial_srdif,-1.0,1999.0
136,valor_saldo_srdif,-1.0,2875.0
137,valor_cuotas_srdif,-1.0,460.8
138,valor_mora_srdif,-1.0,1.0
139,numero_celulares_telcosdif,-1.0,3.0
140,valor_cuotas_celulares_telcosdif,-1.0,12.5
141,valor_mora_telcosdif,-1.0,1.0
142,numero_creditos_cooperativasdif,-1.0,3.0
143,valor_inicial_cooperativasdif,-1.0,29.0
144,valor_saldo_cooperativasdif,-1.0,89.72532188841201
145,valor_cuotas_cooperativasdif,-1.0,259.0
146,valor_mora_cooperativasdif,-1.0,1.0
147,numero_creditos_codeudoresdif,-1.0,2.0
148,valor_saldo_codeudoresdif,-1.0,122.0
149,valor_cuotas_codeudoresdif,-1.0,126.5
150,valor_mora_codeudoresdif,-1.0,8.586206896551724
151,obliga_al_dia_cartera_actualdif,-1.0,3.0
152,obliga_mora_30_cartera_actualdif,-1.0,1.0
153,obliga_mora_60_cartera_actualdif,-1.0,1.0
154,obliga_mora_90_cartera_actualdif,-1.0,1.0
155,obliga_mora_120_cartera_actualdif,-1.0,1.0
156,cartera_castig_cartera_actualdif,-1.0,1.0
157,dudoso_recaudo_cartera_actualdif,-1.0,1.0
158,ctas_en_cobrador_cartera_actdif,0.0,0.0
159,ult_año_moras_30_cartera_histdif,-1.0,1.0
160,ult_año_moras_60_cartera_histdif,-1.0,2.0
161,ult_año_moras_90_cartera_histdif,-1.0,1.0
162,ult_año_moras_120_cartera_histdif,-1.0,1.0
163,cancel_mal_manejo_cartera_histdif,0.0,0.0
164,cartera_recupe_cartera_histdif,-1.0,1.0
165,ctas_de_ahorro_act_ctas_bancadif,-1.0,3.0
166,ctas_ctes_act_cta_bancadif,-1.0,1.0
167,ctas_embargadas_ctas_bancariasdif,-1.0,1.0
168,cancel_mal_manejo_ctas_bancadif,0.0,0.0
169,ctas_saldadas_ctas_bancadif,-1.0,3.0
170,total_consultas_ult_6_mesesdif,-1.0,7.0
171,num_tdc_vigentes_sin_populardif,-1.0,3.0
172,cupo_sin_populardif,-1.0,24.691358024691358
173,max_cupo_tdc_sin_populardif,-1.0,23.691358024691358
174,promedio_cupo_tdc_sin_populardif,-1.0,11.845679012345679
175,valor_utilizado_sin_populardif,-1.0,8822.0
176,utilizacion_sin_populardif,-1.0,99.0
177,valor_cuotas_sin_populardif,-1.0,3247.0
178,valor_en_mora_sin_populardif,-1.0,1.0
179,numoblvigensectorbancasin_popudif,-1.0,3.0
180,cuposectorbancario_sin_populardif,-1.0,454.0
181,maxcuposectorbancasin_populardif,-1.0,454.0
182,promcuposectorbancasin_populardif,-1.0,454.0
183,valor_utilisectorbancasin_popudif,-1.0,1822.5151515151515
184,util_sector_banca_sin_populardif,-1.0,1.25
185,val_cuo_sector_banca_sin_popudif,-1.0,36.0
186,val_morasectorbancasin_populardif,-1.0,1.0
187,numoblvigensector_hip_sin_popudif,-1.0,1.0
188,cupo_sector_hip_sin_populardif,-1.0,1.0
189,max_cupo_sector_hip_sin_popudif,-1.0,1.0
190,prom_cupo_sector_hip_sin_popudif,-1.0,1.0
191,val_util_sector_hip_sin_popdif,-1.0,2.2701777377344583
192,util_sector_hip_sin_populardif,-1.0,79.0
193,val_cuotas_sector_hip_sin_popudif,-1.0,5.344370860927152
194,val_mora_sector_hip_sin_popudif,-1.0,1.0
195,saldo_mercadodif,-1.0,14191.0
196,cuota_mercadodif,-1.0,541.0
197,cupo_mercadodif,-1.0,87467.0
198,ano_po,2018.0,2019.0
199,valor_saldo_cb_smlv,0.0,450.78349602299926
200,valor_saldo_cv_smlv,0.0,471.08979901366473
201,valor_saldo_cf_smlv,0.0,267.0459211028407
202,valor_saldo_sr_smlv,0.0,258.4179028058871
203,valor_saldo_cooperativas_smlv,0.0,258.8852109845605
204,valor_saldo_codeudores_smlv,0.0,6394.328517924024
205,saldo_mercado_smlv,0.0,659.9763801206594
206,valor_cupos_smlv,0.0,396.39374193953506
207,cupo_sin_popular_smlv,0.0,396.39374193953506
208,max_cupo_tdc_sin_popular_smlv,0.0,128.00131073342192
209,promedio_cupo_tdc_sin_popular_smlv,0.0,86.65688736652663
210,cuposectorbancario_sin_popular_smlv,0.0,263.0066319211318
211,maxcuposectorbancasin_popular_smlv,0.0,160.36400697486826
212,promcuposectorbancasin_popular_smlv,0.0,153.6015728801063
213,cupo_sector_hip_sin_popular_smlv,0.0,470.36405527728
214,max_cupo_sector_hip_sin_popu_smlv,0.0,470.36405527728
215,prom_cupo_sector_hip_sin_popu_smlv,0.0,470.36405527728
216,cupo_mercado_smlv,0.0,765.1585552236055
217,valor_inicial_cb_smlv,0.0,486.40498078700324
218,valor_inicial_cv_smlv,0.0,470.36405527728
219,valor_inicial_cf_smlv,0.0,317.5895647469678
220,valor_inicial_sr_smlv,0.0,258.4179028058871
221,valor_inicial_cooperativas_smlv,0.0,275.7148233197908
222,valor_cuotas_cb_smlv,0.0,8.554327596314586
223,valor_cuotas_cv_smlv,0.0,5.46904056919562
224,valor_cuotas_cf_smlv,0.0,56.71548430413131
225,valor_cuotas_smlv,0.0,16.471208665176732
226,valor_cuotas_sr_smlv,0.0,5.050017147356168
227,valor_cuotas_celulares_telcos_smlv,0.0,0.652082558482145
228,valor_cuotas_cooperativas_smlv,0.0,6.170633099710669
229,valor_cuotas_codeudores_smlv,0.0,317.61349236216176
230,valor_cuotas_sin_popular_smlv,0.0,16.471208665176732
231,val_cuotas_sector_hip_sin_popu_smlv,0.0,5.46904056919562
232,cuota_mercado_smlv,0.0,62.05048568075004
233,valor_mora_cb_smlv,0.0,5.982253693926938
234,valor_mora_cv_smlv,0.0,0.36347564833912155
235,valor_mora_cf_smlv,0.0,0.45766535123098695
236,valor_utilizado_smlv,0.0,172.16048292334514
237,valor_mora_smlv,0.0,1.7630380284887623
238,valor_mora_sr_smlv,0.0,4.7819387622023966
239,valor_mora_telcos_smlv,0.0,0.5023450820899488
240,valor_mora_cooperativas_smlv,0.0,0.15698283815310898
241,valor_mora_codeudores_smlv,0.0,70.45027508223485
242,valor_utilizado_sin_popular_smlv,0.0,172.16048292334514
243,valor_en_mora_sin_popular_smlv,0.0,1.7630380284887623
244,valor_utilisectorbancasin_popu_smlv,0.0,232.66184930613585
245,moramax_mercado_2,0.0,6.0
246,tdc_altura_maxima_de_mora_lag1,0.0,6.0
247,cartera_banca_alt_max_de_mora_lag1,0.0,6.0
248,cartera_coope_alt_max_de_mora_lag1,0.0,6.0
249,cartera_hipote_alt_max_de_mora_lag1,0.0,1.0
250,moramax_mercado_lag1,0.0,6.0
251,moramax_mercado_2_was_is_mantiene,0.0,1.0
252,num_aper_ultim_1meses_LB,0.0,2.0
253,num_aper_ultim_1meses_TC,0.0,0.0
254,num_aper_ultim_1meses_NV,0.0,0.0
255,num_aper_ultim_1meses_CH,0.0,0.0
256,num_aper_ultim_1meses_CE,0.0,0.0
257,num_aper_ultim_1meses_LE,0.0,0.0
258,num_aper_ultim_1meses_ME,0.0,0.0
259,num_aper_ultim_1meses_SO,0.0,0.0
260,num_aper_ultim_1meses_CC,0.0,0.0
261,num_aper_ultim_3meses_LB,0.0,2.0
262,num_aper_ultim_3meses_TC,0.0,1.0
263,num_aper_ultim_3meses_NV,0.0,0.0
264,num_aper_ultim_3meses_CH,0.0,0.0
265,num_aper_ultim_3meses_CE,0.0,1.0
266,num_aper_ultim_3meses_LE,0.0,0.0
267,num_aper_ultim_3meses_ME,0.0,0.0
268,num_aper_ultim_3meses_SO,0.0,0.0
269,num_aper_ultim_3meses_CC,0.0,0.0
270,num_aper_ultim_6meses_LB,0.0,3.0
271,num_aper_ultim_6meses_TC,0.0,1.0
272,num_aper_ultim_6meses_NV,0.0,0.0
273,num_aper_ultim_6meses_CH,0.0,0.0
274,num_aper_ultim_6meses_CE,0.0,1.0
275,num_aper_ultim_6meses_LE,0.0,0.0
276,num_aper_ultim_6meses_ME,0.0,0.0
277,num_aper_ultim_6meses_SO,0.0,0.0
278,num_aper_ultim_6meses_CC,0.0,0.0
279,num_aper_ultim_12meses_LB,0.0,3.0
280,num_aper_ultim_12meses_TC,0.0,1.0
281,num_aper_ultim_12meses_NV,0.0,0.0
282,num_aper_ultim_12meses_CH,0.0,0.0
283,num_aper_ultim_12meses_CE,0.0,2.0
284,num_aper_ultim_12meses_LE,0.0,1.0
285,num_aper_ultim_12meses_ME,0.0,0.0
286,num_aper_ultim_12meses_SO,0.0,0.0
287,num_aper_ultim_12meses_CC,0.0,0.0
288,num_aper_ultim_1meses_TC_X,0.0,0.0
289,num_aper_ultim_1meses_TC_T,0.0,0.0
290,num_aper_ultim_3meses_TC_X,0.0,1.0
291,num_aper_ultim_3meses_TC_T,0.0,0.0
292,num_aper_ultim_6meses_TC_X,0.0,1.0
293,num_aper_ultim_6meses_TC_T,0.0,0.0
294,num_aper_ultim_12meses_TC_X,0.0,1.0
295,num_aper_ultim_12meses_TC_T,0.0,1.0
296,num_aper_ultim_1meses_tot,0.0,2.0
297,num_aper_ultim_3meses_tot,0.0,2.0
298,num_aper_ultim_6meses_tot,0.0,3.0
299,num_aper_ultim_12meses_tot,0.0,3.0
300,meses_ultim_aper_LB,2.0,109.0
301,meses_ultim_aper_TC,16.0,142.0
302,meses_ultim_aper_NV,34.0,248.0
303,meses_ultim_aper_CH,59.0,93.0
304,meses_ultim_aper_CE,5.0,124.0
305,meses_ultim_aper_LE,32.0,50.0
306,meses_ultim_aper_ME,,
307,meses_ultim_aper_SO,16.0,16.0
308,meses_ultim_aper_CC,,
309,meses_ultim_aper_TC_X,16.0,85.0
310,meses_ultim_aper_TC_T,27.0,142.0
311,meses_ultim_aper_tot,2.0,124.0
312,antiguedad_tot_conlibranza,2.0,248.0
313,antiguedad_tot_sinlibranza,10.0,248.0
314,antiguedad_TDC_T,27.0,142.0
315,antiguedad_TDC_X,16.0,85.0
316,num_obl_vig_LB,0.0,3.0
317,num_obl_vig_TC,0.0,2.0
318,num_obl_vig_NV,0.0,1.0
319,num_obl_vig_CH,0.0,1.0
320,num_obl_vig_CE,0.0,2.0
321,num_obl_vig_LE,0.0,1.0
322,num_obl_vig_ME,0.0,0.0
323,num_obl_vig_SO,0.0,1.0
324,num_obl_vig_CC,0.0,0.0
325,num_obl_vig_TC_X,0.0,1.0
326,num_obl_vig_TC_T,0.0,2.0
327,num_obl_vig_tot,1.0,3.0
328,num_obl_aldia_LB,0.0,3.0
329,porc_obl_aldia_LB,0.0,1.0
330,num_obl_mora1_30_LB,0.0,1.0
331,porc_obl_mora1_30_LB,0.0,1.0
332,num_obl_mora31_60_LB,0.0,0.0
333,porc_obl_mora31_60_LB,0.0,0.0
334,num_obl_mora61_90_LB,0.0,0.0
335,porc_obl_mora61_90_LB,0.0,0.0
336,num_obl_mora91_120_LB,0.0,0.0
337,porc_obl_mora91_120_LB,0.0,0.0
338,num_obl_mora121_mas_LB,0.0,0.0
339,porc_obl_mora121_mas_LB,0.0,0.0
340,num_obl_aldia_TC,0.0,2.0
341,porc_obl_aldia_TC,1.0,1.0
342,num_obl_mora1_30_TC,0.0,0.0
343,porc_obl_mora1_30_TC,0.0,0.0
344,num_obl_mora31_60_TC,0.0,0.0
345,porc_obl_mora31_60_TC,0.0,0.0
346,num_obl_mora61_90_TC,0.0,0.0
347,porc_obl_mora61_90_TC,0.0,0.0
348,num_obl_mora91_120_TC,0.0,0.0
349,porc_obl_mora91_120_TC,0.0,0.0
350,num_obl_mora121_mas_TC,0.0,0.0
351,porc_obl_mora121_mas_TC,0.0,0.0
352,num_obl_aldia_NV,0.0,1.0
353,porc_obl_aldia_NV,1.0,1.0
354,num_obl_mora1_30_NV,0.0,0.0
355,porc_obl_mora1_30_NV,0.0,0.0
356,num_obl_mora31_60_NV,0.0,0.0
357,porc_obl_mora31_60_NV,0.0,0.0
358,num_obl_mora61_90_NV,0.0,0.0
359,porc_obl_mora61_90_NV,0.0,0.0
360,num_obl_mora91_120_NV,0.0,0.0
361,porc_obl_mora91_120_NV,0.0,0.0
362,num_obl_mora121_mas_NV,0.0,0.0
363,porc_obl_mora121_mas_NV,0.0,0.0
364,num_obl_aldia_CH,0.0,1.0
365,porc_obl_aldia_CH,1.0,1.0
366,num_obl_mora1_30_CH,0.0,0.0
367,porc_obl_mora1_30_CH,0.0,0.0
368,num_obl_mora31_60_CH,0.0,0.0
369,porc_obl_mora31_60_CH,0.0,0.0
370,num_obl_mora61_90_CH,0.0,0.0
371,porc_obl_mora61_90_CH,0.0,0.0
372,num_obl_mora91_120_CH,0.0,0.0
373,porc_obl_mora91_120_CH,0.0,0.0
374,num_obl_mora121_mas_CH,0.0,0.0
375,porc_obl_mora121_mas_CH,0.0,0.0
376,num_obl_aldia_CE,0.0,2.0
377,porc_obl_aldia_CE,1.0,1.0
378,num_obl_mora1_30_CE,0.0,0.0
379,porc_obl_mora1_30_CE,0.0,0.0
380,num_obl_mora31_60_CE,0.0,0.0
381,porc_obl_mora31_60_CE,0.0,0.0
382,num_obl_mora61_90_CE,0.0,0.0
383,porc_obl_mora61_90_CE,0.0,0.0
384,num_obl_mora91_120_CE,0.0,0.0
385,porc_obl_mora91_120_CE,0.0,0.0
386,num_obl_mora121_mas_CE,0.0,0.0
387,porc_obl_mora121_mas_CE,0.0,0.0
388,num_obl_aldia_LE,0.0,1.0
389,porc_obl_aldia_LE,1.0,1.0
390,num_obl_mora1_30_LE,0.0,0.0
391,porc_obl_mora1_30_LE,0.0,0.0
392,num_obl_mora31_60_LE,0.0,0.0
393,porc_obl_mora31_60_LE,0.0,0.0
394,num_obl_mora61_90_LE,0.0,0.0
395,porc_obl_mora61_90_LE,0.0,0.0
396,num_obl_mora91_120_LE,0.0,0.0
397,porc_obl_mora91_120_LE,0.0,0.0
398,num_obl_mora121_mas_LE,0.0,0.0
399,porc_obl_mora121_mas_LE,0.0,0.0
400,num_obl_aldia_ME,0.0,0.0
401,porc_obl_aldia_ME,,
402,num_obl_mora1_30_ME,0.0,0.0
403,porc_obl_mora1_30_ME,,
404,num_obl_mora31_60_ME,0.0,0.0
405,porc_obl_mora31_60_ME,,
406,num_obl_mora61_90_ME,0.0,0.0
407,porc_obl_mora61_90_ME,,
408,num_obl_mora91_120_ME,0.0,0.0
409,porc_obl_mora91_120_ME,,
410,num_obl_mora121_mas_ME,0.0,0.0
411,porc_obl_mora121_mas_ME,,
412,num_obl_aldia_SO,0.0,1.0
413,porc_obl_aldia_SO,1.0,1.0
414,num_obl_mora1_30_SO,0.0,0.0
415,porc_obl_mora1_30_SO,0.0,0.0
416,num_obl_mora31_60_SO,0.0,0.0
417,porc_obl_mora31_60_SO,0.0,0.0
418,num_obl_mora61_90_SO,0.0,0.0
419,porc_obl_mora61_90_SO,0.0,0.0
420,num_obl_mora91_120_SO,0.0,0.0
421,porc_obl_mora91_120_SO,0.0,0.0
422,num_obl_mora121_mas_SO,0.0,0.0
423,porc_obl_mora121_mas_SO,0.0,0.0
424,num_obl_aldia_CC,0.0,0.0
425,porc_obl_aldia_CC,,
426,num_obl_mora1_30_CC,0.0,0.0
427,porc_obl_mora1_30_CC,,
428,num_obl_mora31_60_CC,0.0,0.0
429,porc_obl_mora31_60_CC,,
430,num_obl_mora61_90_CC,0.0,0.0
431,porc_obl_mora61_90_CC,,
432,num_obl_mora91_120_CC,0.0,0.0
433,porc_obl_mora91_120_CC,,
434,num_obl_mora121_mas_CC,0.0,0.0
435,porc_obl_mora121_mas_CC,,
436,num_obl_aldia_TC_X,0.0,1.0
437,porc_obl_aldia_TC_X,1.0,1.0
438,num_obl_mora1_30_TC_X,0.0,0.0
439,porc_obl_mora1_30_TC_X,0.0,0.0
440,num_obl_mora31_60_TC_X,0.0,0.0
441,porc_obl_mora31_60_TC_X,0.0,0.0
442,num_obl_mora61_90_TC_X,0.0,0.0
443,porc_obl_mora61_90_TC_X,0.0,0.0
444,num_obl_mora91_120_TC_X,0.0,0.0
445,porc_obl_mora91_120_TC_X,0.0,0.0
446,num_obl_mora121_mas_TC_X,0.0,0.0
447,porc_obl_mora121_mas_TC_X,0.0,0.0
448,num_obl_aldia_TC_T,0.0,2.0
449,porc_obl_aldia_TC_T,1.0,1.0
450,num_obl_mora1_30_TC_T,0.0,0.0
451,porc_obl_mora1_30_TC_T,0.0,0.0
452,num_obl_mora31_60_TC_T,0.0,0.0
453,porc_obl_mora31_60_TC_T,0.0,0.0
454,num_obl_mora61_90_TC_T,0.0,0.0
455,porc_obl_mora61_90_TC_T,0.0,0.0
456,num_obl_mora91_120_TC_T,0.0,0.0
457,porc_obl_mora91_120_TC_T,0.0,0.0
458,num_obl_mora121_mas_TC_T,0.0,0.0
459,porc_obl_mora121_mas_TC_T,0.0,0.0
460,num_obl_aldia_tot,0.0,3.0
461,porc_obl_aldia_tot,0.0,1.0
462,num_obl_mora1_30_tot,0.0,1.0
463,porc_obl_mora1_30_tot,0.0,1.0
464,num_obl_mora31_60_tot,0.0,0.0
465,porc_obl_mora31_60_tot,0.0,0.0
466,num_obl_mora61_90_tot,0.0,0.0
467,porc_obl_mora61_90_tot,0.0,0.0
468,num_obl_mora91_120_tot,0.0,0.0
469,porc_obl_mora91_120_tot,0.0,0.0
470,num_obl_mora121_mas_tot,0.0,0.0
471,porc_obl_mora121_mas_tot,0.0,0.0
472,utilizacion_prom_TC_X,0.6226575189811747,1.0
473,utilizacion_min_TC_X,0.6226575189811747,1.0
474,utilizacion_max_TC_X,0.6226575189811747,1.0
475,utilizacion_prom_TC_T,0.0,1.0
476,utilizacion_min_TC_T,0.0,1.0
477,utilizacion_max_TC_T,0.0,1.0
478,utilizacion_prom_TC,0.0,1.0
479,utilizacion_min_TC,0.0,1.0
480,utilizacion_max_TC,0.0,1.0
481,amortizacion_prom_LB,0.0,0.9926968713692946
482,amortizacion_min_LB,0.0,0.9926968713692946
483,amortizacion_max_LB,0.0,0.9926968713692946
484,amortizacion_prom_NV,0.47238285,0.9923401351351351
485,amortizacion_min_NV,0.47238285,0.9923401351351351
486,amortizacion_max_NV,0.47238285,0.9923401351351351
487,amortizacion_prom_CH,0.12235910714285714,0.2433552
488,amortizacion_min_CH,0.12235910714285714,0.2433552
489,amortizacion_max_CH,0.12235910714285714,0.2433552
490,amortizacion_prom_CE,0.0,0.6380290955072464
491,amortizacion_min_CE,0.0,0.6380290955072464
492,amortizacion_max_CE,0.0,0.6380290955072464
493,amortizacion_prom_LE,0.008709048932817022,0.6258271929824561
494,amortizacion_min_LE,0.008709048932817022,0.6258271929824561
495,amortizacion_max_LE,0.008709048932817022,0.6258271929824561
496,amortizacion_prom_ME,,
497,amortizacion_min_ME,,
498,amortizacion_max_ME,,
499,amortizacion_prom_SO,0.0,0.0
500,amortizacion_min_SO,0.0,0.0
501,amortizacion_max_SO,0.0,0.0
502,amortizacion_prom_CC,,
503,amortizacion_min_CC,,
504,amortizacion_max_CC,,
505,amortizacion_prom_tot,0.0,0.9926968713692946
506,amortizacion_min_tot,0.0,0.9926968713692946
507,amortizacion_max_tot,0.0,0.9926968713692946
508,mora_maxLB,0.0,26.0
509,mora_maxTC,0.0,0.0
510,mora_maxNV,0.0,0.0
511,mora_maxCH,0.0,0.0
512,mora_maxCE,0.0,0.0
513,mora_maxLE,0.0,0.0
514,mora_maxME,,
515,mora_maxSO,0.0,0.0
516,mora_maxCC,,
517,mora_maxTC_X,0.0,0.0
518,mora_maxTC_T,0.0,0.0
519,mora_max_tot,0.0,26.0
520,saldo_tot_LB_SMLV,0.13565853093044936,525.6401383950172
521,saldo_max_LB_SMLV,0.13565853093044936,525.6401383950172
522,saldo_prom_LB_SMLV,0.13565853093044936,525.6401383950172
523,saldo_tot_TC_SMLV,0.0,15.82369005066923
524,saldo_max_TC_SMLV,0.0,9.065917588840211
525,saldo_prom_TC_SMLV,0.0,7.911845025334615
526,saldo_tot_NV_SMLV,0.07255498296302554,12.742590410039174
527,saldo_max_NV_SMLV,0.07255498296302554,12.742590410039174
528,saldo_prom_NV_SMLV,0.07255498296302554,12.742590410039174
529,saldo_tot_CH_SMLV,63.95859517265697,185.48663593023198
530,saldo_max_CH_SMLV,63.95859517265697,185.48663593023198
531,saldo_prom_CH_SMLV,63.95859517265697,185.48663593023198
532,saldo_tot_CE_SMLV,0.0,73.96231059416796
533,saldo_max_CE_SMLV,0.0,73.96231059416796
534,saldo_prom_CE_SMLV,0.0,73.96231059416796
535,saldo_tot_LE_SMLV,25.23957150930546,207.73532331219297
536,saldo_max_LE_SMLV,25.23957150930546,207.73532331219297
537,saldo_prom_LE_SMLV,25.23957150930546,207.73532331219297
538,saldo_tot_ME_SMLV,,
539,saldo_max_ME_SMLV,,
540,saldo_prom_ME_SMLV,,
541,saldo_tot_SO_SMLV,0.12196657231595574,0.12196657231595574
542,saldo_max_SO_SMLV,0.12196657231595574,0.12196657231595574
543,saldo_prom_SO_SMLV,0.12196657231595574,0.12196657231595574
544,saldo_tot_CC_SMLV,,
545,saldo_max_CC_SMLV,,
546,saldo_prom_CC_SMLV,,
547,saldo_tot_TC_X_SMLV,0.01753690917794998,2.736838087900729
548,saldo_max_TC_X_SMLV,0.01753690917794998,2.736838087900729
549,saldo_prom_TC_X_SMLV,0.01753690917794998,2.736838087900729
550,saldo_tot_TC_T_SMLV,0.0,15.82369005066923
551,saldo_max_TC_T_SMLV,0.0,9.065917588840211
552,saldo_prom_TC_T_SMLV,0.0,7.911845025334615
553,saldo_tot_tot_SMLV,0.0,525.6401383950172
554,saldo_max_tot_SMLV,0.0,525.6401383950172
555,saldo_prom_tot_SMLV,0.0,525.6401383950172
556,cupo_tot_LB_SMLV,1.2075602934854537,525.6401383950172
557,cupo_max_LB_SMLV,1.2075602934854537,525.6401383950172
558,cupo_prom_LB_SMLV,1.2075602934854537,525.6401383950172
559,cupo_tot_TC_SMLV,0.028164614805655613,16.033559199435828
560,cupo_max_TC_SMLV,0.028164614805655613,9.327510167657671
561,cupo_prom_TC_SMLV,0.028164614805655613,8.016779599717914
562,cupo_tot_NV_SMLV,7.728385878306904,30.189007337136342
563,cupo_max_NV_SMLV,7.728385878306904,30.189007337136342
564,cupo_prom_NV_SMLV,7.728385878306904,30.189007337136342
565,cupo_tot_CH_SMLV,84.52922054398176,229.43645576223622
566,cupo_max_CH_SMLV,84.52922054398176,229.43645576223622
567,cupo_prom_CH_SMLV,84.52922054398176,229.43645576223622
568,cupo_tot_CE_SMLV,0.0,83.32166025049631
569,cupo_max_CE_SMLV,0.0,83.32166025049631
570,cupo_prom_CE_SMLV,0.0,83.32166025049631
571,cupo_tot_LE_SMLV,67.45431799409745,211.8686705727217
572,cupo_max_LE_SMLV,67.45431799409745,211.8686705727217
573,cupo_prom_LE_SMLV,67.45431799409745,211.8686705727217
574,cupo_tot_ME_SMLV,,
575,cupo_max_ME_SMLV,,
576,cupo_prom_ME_SMLV,,
577,cupo_tot_SO_SMLV,0.12196657231595574,0.12196657231595574
578,cupo_max_SO_SMLV,0.12196657231595574,0.12196657231595574
579,cupo_prom_SO_SMLV,0.12196657231595574,0.12196657231595574
580,cupo_tot_CC_SMLV,,
581,cupo_max_CC_SMLV,,
582,cupo_prom_CC_SMLV,,
583,cupo_tot_TC_X_SMLV,0.028164614805655613,2.7701062049278122
584,cupo_max_TC_X_SMLV,0.028164614805655613,2.7701062049278122
585,cupo_prom_TC_X_SMLV,0.028164614805655613,2.7701062049278122
586,cupo_tot_TC_T_SMLV,0.08368392833854195,16.033559199435828
587,cupo_max_TC_T_SMLV,0.08368392833854195,9.327510167657671
588,cupo_prom_TC_T_SMLV,0.08368392833854195,8.016779599717914
589,cupo_tot_tot_SMLV,0.0,525.6401383950172
590,cupo_max_tot_SMLV,0.0,525.6401383950172
591,cupo_prom_tot_SMLV,0.0,525.6401383950172
592,cuota_tot_LB_SMLV,0.026619459109593343,8.069958798042787
593,cuota_max_LB_SMLV,0.026619459109593343,8.069958798042787
594,cuota_prom_LB_SMLV,0.026619459109593343,8.069958798042787
595,cuota_tot_TC_SMLV,0.0,8.670889102492888
596,cuota_max_TC_SMLV,0.0,5.541780378594304
597,cuota_prom_TC_SMLV,0.0,4.335444551246444
598,cuota_tot_NV_SMLV,0.033274323886991676,0.5709610730863792
599,cuota_max_NV_SMLV,0.033274323886991676,0.5709610730863792
600,cuota_prom_NV_SMLV,0.033274323886991676,0.5709610730863792
601,cuota_tot_CH_SMLV,0.9232667887107603,2.379911751493752
602,cuota_max_CH_SMLV,0.9232667887107603,2.379911751493752
603,cuota_prom_CH_SMLV,0.9232667887107603,2.379911751493752
604,cuota_tot_CE_SMLV,0.0,1.6021480203256548
605,cuota_max_CE_SMLV,0.0,1.6021480203256548
606,cuota_prom_CE_SMLV,0.0,1.6021480203256548
607,cuota_tot_LE_SMLV,1.0699551753619059,2.560745113003492
608,cuota_max_LE_SMLV,1.0699551753619059,2.560745113003492
609,cuota_prom_LE_SMLV,1.0699551753619059,2.560745113003492
610,cuota_tot_ME_SMLV,,
611,cuota_max_ME_SMLV,,
612,cuota_prom_ME_SMLV,,
613,cuota_tot_SO_SMLV,0.0,0.0
614,cuota_max_SO_SMLV,0.0,0.0
615,cuota_prom_SO_SMLV,0.0,0.0
616,cuota_tot_CC_SMLV,,
617,cuota_max_CC_SMLV,,
618,cuota_prom_CC_SMLV,,
619,cuota_tot_TC_X_SMLV,0.0,2.4854603219838767
620,cuota_max_TC_X_SMLV,0.0,2.4854603219838767
621,cuota_prom_TC_X_SMLV,0.0,2.4854603219838767
622,cuota_tot_TC_T_SMLV,0.08368392833854195,8.670889102492888
623,cuota_max_TC_T_SMLV,0.08368392833854195,5.541780378594304
624,cuota_prom_TC_T_SMLV,0.08368392833854195,4.335444551246444
625,cuota_tot_tot_SMLV,0.0,8.670889102492888
626,cuota_max_tot_SMLV,0.0,8.069958798042787
627,cuota_prom_tot_SMLV,0.0,8.069958798042787
628,timestamp,1543622400.0,1569888000.0
629,mora_max_tot_ult3_meses,0.0,56.0
630,mora_max_tot_ult6_meses,0.0,57.0
631,saldo_tot_LB_SMLV_ult3_meses,0.23838568509725688,525.6401383950172
632,saldo_tot_LB_SMLV_ult7_meses,0.3127813117589055,525.6401383950172
633,saldo_tot_TC_SMLV_ult3_meses,0.0,14.926082710634741
634,saldo_tot_TC_SMLV_ult7_meses,0.0,12.910257749213244
635,saldo_tot_NV_SMLV_ult3_meses,0.2637088282317936,13.322469315892942
636,saldo_tot_NV_SMLV_ult7_meses,0.19360710253672997,14.527767531243093
637,saldo_tot_CH_SMLV_ult3_meses,61.793951572001994,187.11592488250437
638,saldo_tot_CH_SMLV_ult7_meses,28.426455566905005,188.83184224794596
639,saldo_tot_CE_SMLV_ult3_meses,0.0,78.26134418366509
640,saldo_tot_CE_SMLV_ult7_meses,0.0,79.40907534693207
641,saldo_tot_LE_SMLV_ult3_meses,27.085376446632406,208.78020983775224
642,saldo_tot_LE_SMLV_ult7_meses,29.303768176774923,211.74673869844148
643,saldo_tot_ME_SMLV_ult3_meses,,
644,saldo_tot_ME_SMLV_ult7_meses,,
645,saldo_tot_SO_SMLV_ult3_meses,0.07653237891792937,0.07653237891792937
646,saldo_tot_SO_SMLV_ult7_meses,0.06894407909036898,0.47992880224509604
647,saldo_tot_CC_SMLV_ult3_meses,,
648,saldo_tot_CC_SMLV_ult7_meses,,
649,saldo_tot_TC_X_SMLV_ult3_meses,0.0313965676306218,6.136624114254525
650,saldo_tot_TC_X_SMLV_ult7_meses,0.0,6.67732694463971
651,saldo_tot_TC_T_SMLV_ult3_meses,0.0,14.926082710634741
652,saldo_tot_TC_T_SMLV_ult7_meses,0.0,12.910257749213244
653,saldo_tot_tot_SMLV_ult3_meses,0.0,525.6401383950172
654,saldo_tot_tot_SMLV_ult7_meses,0.0,525.6401383950172
655,cuota_tot_LB_SMLV_ult3_meses,0.026619459109593343,8.433102915390027
656,cuota_tot_LB_SMLV_ult8_meses,0.027260232974120356,8.500351826009886
657,cuota_tot_TC_SMLV_ult3_meses,0.0,4.979949366996895
658,cuota_tot_TC_SMLV_ult8_meses,0.0,3.6294637134041476
659,cuota_tot_NV_SMLV_ult3_meses,0.03262948669027045,1.9463581591628871
660,cuota_tot_NV_SMLV_ult8_meses,0.03430078492426268,2.0193479137933883
661,cuota_tot_CH_SMLV_ult3_meses,0.9202813977751909,2.397962664650846
662,cuota_tot_CH_SMLV_ult8_meses,0.48903796774878977,3.558528172661821
663,cuota_tot_CE_SMLV_ult3_meses,0.0,1.6539195036856862
664,cuota_tot_CE_SMLV_ult8_meses,0.0,1.323135602948549
665,cuota_tot_LE_SMLV_ult3_meses,1.1020534745380344,2.560745113003492
666,cuota_tot_LE_SMLV_ult8_meses,1.1198864318639314,2.5949013982734788
667,cuota_tot_ME_SMLV_ult3_meses,,
668,cuota_tot_ME_SMLV_ult8_meses,,
669,cuota_tot_SO_SMLV_ult3_meses,0.0,0.0
670,cuota_tot_SO_SMLV_ult8_meses,0.0,0.0
671,cuota_tot_CC_SMLV_ult3_meses,,
672,cuota_tot_CC_SMLV_ult8_meses,,
673,cuota_tot_TC_X_SMLV_ult3_meses,0.0,2.028136130687005
674,cuota_tot_TC_X_SMLV_ult8_meses,0.0,2.965998210831913
675,cuota_tot_TC_T_SMLV_ult3_meses,0.055789285559027964,4.979949366996895
676,cuota_tot_TC_T_SMLV_ult8_meses,0.0,3.6294637134041476
677,cuota_tot_tot_SMLV_ult3_meses,0.0,8.433102915390027
678,cuota_tot_tot_SMLV_ult8_meses,0.0,8.500351826009886
679,cupo_tot_LB_SMLV_ult3_meses,1.2075602934854537,525.6401383950172
680,cupo_tot_LB_SMLV_ult9_meses,1.2075602934854537,525.6401383950172
681,cupo_tot_TC_SMLV_ult3_meses,0.034279344117651794,15.119125714271913
682,cupo_tot_TC_SMLV_ult9_meses,7.587098872500004e-05,11.662351499279353
683,cupo_tot_NV_SMLV_ult3_meses,7.728385878306904,111.33705905935885
684,cupo_tot_NV_SMLV_ult9_meses,7.939157700412405,116.01316366515816
685,cupo_tot_CH_SMLV_ult3_meses,84.52922054398176,229.43645576223622
686,cupo_tot_CH_SMLV_ult9_meses,83.20085197672424,230.68791345598757
687,cupo_tot_CE_SMLV_ult3_meses,0.0,85.8212823282787
688,cupo_tot_CE_SMLV_ult9_meses,0.0,87.41195092323115
689,cupo_tot_LE_SMLV_ult3_meses,69.47792508489346,211.8686705727217
690,cupo_tot_LE_SMLV_ult9_meses,70.76567505176365,224.85985825205208
691,cupo_tot_ME_SMLV_ult3_meses,,
692,cupo_tot_ME_SMLV_ult9_meses,,
693,cupo_tot_SO_SMLV_ult3_meses,0.07653237891792937,0.07653237891792937
694,cupo_tot_SO_SMLV_ult9_meses,0.11867410795231934,0.4589838049855501
695,cupo_tot_CC_SMLV_ult3_meses,,
696,cupo_tot_CC_SMLV_ult9_meses,,
697,cupo_tot_TC_X_SMLV_ult3_meses,0.034279344117651794,6.270637757874501
698,cupo_tot_TC_X_SMLV_ult9_meses,7.587098872500004e-05,7.911002885149545
699,cupo_tot_TC_T_SMLV_ult3_meses,0.055789285559027964,15.119125714271913
700,cupo_tot_TC_T_SMLV_ult9_meses,0.018495638995343313,11.662351499279353
701,cupo_tot_tot_SMLV_ult3_meses,0.0,525.6401383950172
702,cupo_tot_tot_SMLV_ult9_meses,0.0,525.6401383950172
703,utilizacion_prom_TC_X_ult3_meses,0.538811242218144,1.0
704,utilizacion_prom_TC_X_ult9_meses,0.0,1.0
705,utilizacion_prom_TC_T_ult3_meses,0.0,0.98812015118968
706,utilizacion_prom_TC_T_ult9_meses,0.0,1.0
707,utilizacion_prom_TC_ult3_meses,0.0,1.0
708,utilizacion_prom_TC_ult9_meses,0.0,1.0
709,amortizacion_prom_LB_ult3_meses,0.0,0.9831103236715295
710,amortizacion_prom_LB_ult9_meses,-0.020121131067961165,0.9831103236715295
711,amortizacion_prom_NV_ult3_meses,0.4483725,0.9912647400000001
712,amortizacion_prom_NV_ult9_meses,0.3928504227272727,0.9923401351351351
713,amortizacion_prom_CH_ult3_meses,0.11695568154761905,0.48827440000000005
714,amortizacion_prom_CH_ult9_meses,0.06825303333333332,0.8471933305882352
715,amortizacion_prom_CE_ult3_meses,0.041666666666666664,0.6114390386231884
716,amortizacion_prom_CE_ult9_meses,0.03333333333333333,0.6794828587134397
717,amortizacion_prom_LE_ult3_meses,0.013431870233575671,0.6104267499104905
718,amortizacion_prom_LE_ult9_meses,0.007672174151076675,0.5666542069459362
719,amortizacion_prom_ME_ult3_meses,,
720,amortizacion_prom_ME_ult9_meses,,
721,amortizacion_prom_SO_ult3_meses,0.0,0.0
722,amortizacion_prom_SO_ult9_meses,0.0,0.0
723,amortizacion_prom_CC_ult3_meses,,
724,amortizacion_prom_CC_ult9_meses,,
725,amortizacion_prom_tot_ult3_meses,0.0,0.9831103236715295
726,amortizacion_prom_tot_ult9_meses,-0.020121131067961165,0.9831103236715295
727,lag_t_1_mora_maxLB,0.0,56.0
728,lag_t_6_mora_maxLB,0.0,115.0
729,lag_t_1_mora_maxTC,0.0,13.0
730,lag_t_6_mora_maxTC,0.0,26.0
731,lag_t_1_mora_maxNV,0.0,0.0
732,lag_t_6_mora_maxNV,0.0,0.0
733,lag_t_1_mora_maxCH,0.0,3.0
734,lag_t_6_mora_maxCH,0.0,0.0
735,lag_t_1_mora_maxCE,0.0,0.0
736,lag_t_6_mora_maxCE,0.0,0.0
737,lag_t_1_mora_maxLE,0.0,18.0
738,lag_t_6_mora_maxLE,0.0,10.0
739,lag_t_1_mora_maxME,,
740,lag_t_6_mora_maxME,,
741,lag_t_1_mora_maxSO,0.0,0.0
742,lag_t_6_mora_maxSO,0.0,0.0
743,lag_t_1_mora_maxCC,,
744,lag_t_6_mora_maxCC,,
745,lag_t_1_mora_maxTC_X,0.0,13.0
746,lag_t_6_mora_maxTC_X,0.0,26.0
747,lag_t_1_mora_maxTC_T,0.0,0.0
748,lag_t_6_mora_maxTC_T,0.0,0.0
749,lag_t_1_mora_max_tot,0.0,56.0
750,lag_t_6_mora_max_tot,0.0,115.0
751,lag_t_1_saldo_tot_LB_SMLV,0.1185292881673582,525.6401383950172
752,lag_t_6_saldo_tot_LB_SMLV,0.14505492536243572,455.0311119985869
753,lag_t_1_saldo_tot_TC_SMLV,0.0,17.72293605002198
754,lag_t_6_saldo_tot_TC_SMLV,0.0,8.896313203847207
755,lag_t_1_saldo_tot_NV_SMLV,0.3146592221104344,13.129176347275019
756,lag_t_6_saldo_tot_NV_SMLV,0.07255498296302554,15.817060526699793
757,lag_t_1_saldo_tot_CH_SMLV,60.0822650449937,187.35153649971744
758,lag_t_6_saldo_tot_CH_SMLV,26.803959592546228,191.00193451159015
759,lag_t_1_saldo_tot_CE_SMLV,0.0,75.2830661404924
760,lag_t_6_saldo_tot_CE_SMLV,0.0,82.60000000000001
761,lag_t_1_saldo_tot_LE_SMLV,26.074853039912284,208.43603673881438
762,lag_t_6_saldo_tot_LE_SMLV,31.949257720399057,211.8686705727217
763,lag_t_1_saldo_tot_ME_SMLV,,
764,lag_t_6_saldo_tot_ME_SMLV,,
765,lag_t_1_saldo_tot_SO_SMLV,0.06134745615348574,0.06134745615348574
766,lag_t_6_saldo_tot_SO_SMLV,0.06134706973419182,0.06134706973419182
767,lag_t_1_saldo_tot_CC_SMLV,,
768,lag_t_6_saldo_tot_CC_SMLV,,
769,lag_t_1_saldo_tot_TC_X_SMLV,7.296074711805048e-07,5.86072165010699
770,lag_t_6_saldo_tot_TC_X_SMLV,0.0,8.035695763924624
771,lag_t_1_saldo_tot_TC_T_SMLV,0.0,17.72293605002198
772,lag_t_6_saldo_tot_TC_T_SMLV,0.0,8.896313203847207
773,lag_t_1_saldo_tot_tot_SMLV,0.0,525.6401383950172
774,lag_t_6_saldo_tot_tot_SMLV,0.0,455.0311119985869
775,lag_t_1_cuota_tot_LB_SMLV,0.026619459109593343,8.554150954505774
776,lag_t_6_cuota_tot_LB_SMLV,0.028216608938075524,8.554150954505774
777,lag_t_1_cuota_tot_TC_SMLV,0.0,4.943767539813263
778,lag_t_6_cuota_tot_TC_SMLV,0.0,3.609348665330333
779,lag_t_1_cuota_tot_NV_SMLV,0.0337042153514725,1.9463517188413217
780,lag_t_6_cuota_tot_NV_SMLV,0.03413410681595332,2.0631417665716896
781,lag_t_1_cuota_tot_CH_SMLV,0.9174994807490738,2.4131607166145805
782,lag_t_6_cuota_tot_CH_SMLV,0.48903796774878977,3.5568018616510635
783,lag_t_1_cuota_tot_CE_SMLV,0.0,1.608213100580112
784,lag_t_6_cuota_tot_CE_SMLV,0.0,1.7115670816469162
785,lag_t_1_cuota_tot_LE_SMLV,1.0699551753619059,2.560745113003492
786,lag_t_6_cuota_tot_LE_SMLV,1.1341530537272702,2.560783754932884
787,lag_t_1_cuota_tot_ME_SMLV,,
788,lag_t_6_cuota_tot_ME_SMLV,,
789,lag_t_1_cuota_tot_SO_SMLV,0.0,0.0
790,lag_t_6_cuota_tot_SO_SMLV,0.0,0.0
791,lag_t_1_cuota_tot_CC_SMLV,,
792,lag_t_6_cuota_tot_CC_SMLV,,
793,lag_t_1_cuota_tot_TC_X_SMLV,0.0,2.7414968675885985
794,lag_t_6_cuota_tot_TC_X_SMLV,0.0,3.609348665330333
795,lag_t_1_cuota_tot_TC_T_SMLV,0.055789285559027964,4.943767539813263
796,lag_t_6_cuota_tot_TC_T_SMLV,0.020784865637024124,2.621104600111105
797,lag_t_1_cuota_tot_tot_SMLV,0.0,8.554150954505774
798,lag_t_6_cuota_tot_tot_SMLV,0.0,8.554150954505774
799,lag_t_1_cupo_tot_LB_SMLV,1.2075602934854537,525.6401383950172
800,lag_t_6_cupo_tot_LB_SMLV,1.2075602934854537,459.0843183034194
801,lag_t_1_cupo_tot_TC_SMLV,0.000966883500887049,17.97933491201716
802,lag_t_6_cupo_tot_TC_SMLV,7.366117790261268e-05,8.998133126483214
803,lag_t_1_cupo_tot_NV_SMLV,7.728385878306904,111.33705905935884
804,lag_t_6_cupo_tot_NV_SMLV,8.192083886939002,118.017208496215
805,lag_t_1_cupo_tot_CH_SMLV,84.52922054398176,229.43645576223622
806,lag_t_6_cupo_tot_CH_SMLV,83.20085197672424,229.43645576223622
807,lag_t_1_cupo_tot_CE_SMLV,0.0,83.32166025049631
808,lag_t_6_cupo_tot_CE_SMLV,0.0,88.32090440606112
809,lag_t_1_cupo_tot_LE_SMLV,67.45431799409745,211.8686705727217
810,lag_t_6_cupo_tot_LE_SMLV,71.50153217568948,229.43645576223622
811,lag_t_1_cupo_tot_ME_SMLV,,
812,lag_t_6_cupo_tot_ME_SMLV,,
813,lag_t_1_cupo_tot_SO_SMLV,0.06134745615348574,0.06134745615348574
814,lag_t_6_cupo_tot_SO_SMLV,0.06134706973419182,0.06134706973419182
815,lag_t_1_cupo_tot_CC_SMLV,,
816,lag_t_6_cupo_tot_CC_SMLV,,
817,lag_t_1_cupo_tot_TC_X_SMLV,0.000966883500887049,6.0427170589627535
818,lag_t_6_cupo_tot_TC_X_SMLV,7.366117790261268e-05,8.158842112943237
819,lag_t_1_cupo_tot_TC_T_SMLV,0.055789285559027964,17.97933491201716
820,lag_t_6_cupo_tot_TC_T_SMLV,0.020784865637024124,8.998133126483214
821,lag_t_1_cupo_tot_tot_SMLV,0.0,525.6401383950172
822,lag_t_6_cupo_tot_tot_SMLV,0.0,459.0843183034194
823,lag_t_1_utilizacion_prom_TC_X,0.0007545970848723141,1.0
824,lag_t_6_utilizacion_prom_TC_X,0.0,1.0
825,lag_t_1_utilizacion_prom_TC_T,0.0,0.9999991209893071
826,lag_t_6_utilizacion_prom_TC_T,0.0,1.0
827,lag_t_1_utilizacion_prom_TC,0.0,1.0
828,lag_t_6_utilizacion_prom_TC,0.0,1.0
829,lag_t_1_amortizacion_prom_LB,0.0,0.996224948275862
830,lag_t_6_amortizacion_prom_LB,-0.052700778816199376,0.9945387223695844
831,lag_t_1_amortizacion_prom_NV,0.45637595,0.98889024
832,lag_t_6_amortizacion_prom_NV,0.3821524,0.9923401351351351
833,lag_t_1_amortizacion_prom_CH,0.11878208333333333,0.50244915
834,lag_t_6_amortizacion_prom_CH,0.05801967777777778,0.8768213
835,lag_t_1_amortizacion_prom_CE,0.004171377171209396,0.8083332920536317
836,lag_t_6_amortizacion_prom_CE,0.011111111111111112,0.7166666228069836
837,lag_t_1_amortizacion_prom_LE,0.005847529028739545,0.6134442713927676
838,lag_t_6_amortizacion_prom_LE,0.004991480259408534,0.5531668098818475
839,lag_t_1_amortizacion_prom_ME,,
840,lag_t_6_amortizacion_prom_ME,,
841,lag_t_1_amortizacion_prom_SO,0.0,0.0
842,lag_t_6_amortizacion_prom_SO,0.0,0.0
843,lag_t_1_amortizacion_prom_CC,,
844,lag_t_6_amortizacion_prom_CC,,
845,lag_t_1_amortizacion_prom_tot,0.0,0.996224948275862
846,lag_t_6_amortizacion_prom_tot,-0.052700778816199376,0.9945387223695844
847,lag_t_1_porc_obl_mora1_30_LB,0.0,1.0
848,lag_t_6_porc_obl_mora1_30_LB,0.0,1.0
849,lag_t_1_porc_obl_mora31_60_LB,0.0,1.0
850,lag_t_6_porc_obl_mora31_60_LB,0.0,1.0
851,lag_t_1_porc_obl_mora61_90_LB,0.0,0.0
852,lag_t_6_porc_obl_mora61_90_LB,0.0,0.0
853,lag_t_1_porc_obl_mora91_120_LB,0.0,0.0
854,lag_t_6_porc_obl_mora91_120_LB,0.0,1.0
855,lag_t_1_porc_obl_mora121_mas_LB,0.0,0.0
856,lag_t_6_porc_obl_mora121_mas_LB,0.0,0.0
857,lag_t_1_porc_obl_mora1_30_TC,0.0,1.0
858,lag_t_6_porc_obl_mora1_30_TC,0.0,1.0
859,lag_t_1_porc_obl_mora31_60_TC,0.0,0.0
860,lag_t_6_porc_obl_mora31_60_TC,0.0,0.0
861,lag_t_1_porc_obl_mora61_90_TC,0.0,0.0
862,lag_t_6_porc_obl_mora61_90_TC,0.0,0.0
863,lag_t_1_porc_obl_mora91_120_TC,0.0,0.0
864,lag_t_6_porc_obl_mora91_120_TC,0.0,0.0
865,lag_t_1_porc_obl_mora121_mas_TC,0.0,0.0
866,lag_t_6_porc_obl_mora121_mas_TC,0.0,0.0
867,lag_t_1_porc_obl_mora1_30_NV,0.0,0.0
868,lag_t_6_porc_obl_mora1_30_NV,0.0,0.0
869,lag_t_1_porc_obl_mora31_60_NV,0.0,0.0
870,lag_t_6_porc_obl_mora31_60_NV,0.0,0.0
871,lag_t_1_porc_obl_mora61_90_NV,0.0,0.0
872,lag_t_6_porc_obl_mora61_90_NV,0.0,0.0
873,lag_t_1_porc_obl_mora91_120_NV,0.0,0.0
874,lag_t_6_porc_obl_mora91_120_NV,0.0,0.0
875,lag_t_1_porc_obl_mora121_mas_NV,0.0,0.0
876,lag_t_6_porc_obl_mora121_mas_NV,0.0,0.0
877,lag_t_1_porc_obl_mora1_30_CH,0.0,1.0
878,lag_t_6_porc_obl_mora1_30_CH,0.0,0.0
879,lag_t_1_porc_obl_mora31_60_CH,0.0,0.0
880,lag_t_6_porc_obl_mora31_60_CH,0.0,0.0
881,lag_t_1_porc_obl_mora61_90_CH,0.0,0.0
882,lag_t_6_porc_obl_mora61_90_CH,0.0,0.0
883,lag_t_1_porc_obl_mora91_120_CH,0.0,0.0
884,lag_t_6_porc_obl_mora91_120_CH,0.0,0.0
885,lag_t_1_porc_obl_mora121_mas_CH,0.0,0.0
886,lag_t_6_porc_obl_mora121_mas_CH,0.0,0.0
887,lag_t_1_porc_obl_mora1_30_CE,0.0,0.0
888,lag_t_6_porc_obl_mora1_30_CE,0.0,0.0
889,lag_t_1_porc_obl_mora31_60_CE,0.0,0.0
890,lag_t_6_porc_obl_mora31_60_CE,0.0,0.0
891,lag_t_1_porc_obl_mora61_90_CE,0.0,0.0
892,lag_t_6_porc_obl_mora61_90_CE,0.0,0.0
893,lag_t_1_porc_obl_mora91_120_CE,0.0,0.0
894,lag_t_6_porc_obl_mora91_120_CE,0.0,0.0
895,lag_t_1_porc_obl_mora121_mas_CE,0.0,0.0
896,lag_t_6_porc_obl_mora121_mas_CE,0.0,0.0
897,lag_t_1_porc_obl_mora1_30_LE,0.0,1.0
898,lag_t_6_porc_obl_mora1_30_LE,0.0,1.0
899,lag_t_1_porc_obl_mora31_60_LE,0.0,0.0
900,lag_t_6_porc_obl_mora31_60_LE,0.0,0.0
901,lag_t_1_porc_obl_mora61_90_LE,0.0,0.0
902,lag_t_6_porc_obl_mora61_90_LE,0.0,0.0
903,lag_t_1_porc_obl_mora91_120_LE,0.0,0.0
904,lag_t_6_porc_obl_mora91_120_LE,0.0,0.0
905,lag_t_1_porc_obl_mora121_mas_LE,0.0,0.0
906,lag_t_6_porc_obl_mora121_mas_LE,0.0,0.0
907,lag_t_1_porc_obl_mora1_30_ME,,
908,lag_t_6_porc_obl_mora1_30_ME,,
909,lag_t_1_porc_obl_mora31_60_ME,,
910,lag_t_6_porc_obl_mora31_60_ME,,
911,lag_t_1_porc_obl_mora61_90_ME,,
912,lag_t_6_porc_obl_mora61_90_ME,,
913,lag_t_1_porc_obl_mora91_120_ME,,
914,lag_t_6_porc_obl_mora91_120_ME,,
915,lag_t_1_porc_obl_mora121_mas_ME,,
916,lag_t_6_porc_obl_mora121_mas_ME,,
917,lag_t_1_porc_obl_mora1_30_SO,0.0,0.0
918,lag_t_6_porc_obl_mora1_30_SO,0.0,0.0
919,lag_t_1_porc_obl_mora31_60_SO,0.0,0.0
920,lag_t_6_porc_obl_mora31_60_SO,0.0,0.0
921,lag_t_1_porc_obl_mora61_90_SO,0.0,0.0
922,lag_t_6_porc_obl_mora61_90_SO,0.0,0.0
923,lag_t_1_porc_obl_mora91_120_SO,0.0,0.0
924,lag_t_6_porc_obl_mora91_120_SO,0.0,0.0
925,lag_t_1_porc_obl_mora121_mas_SO,0.0,0.0
926,lag_t_6_porc_obl_mora121_mas_SO,0.0,0.0
927,lag_t_1_porc_obl_mora1_30_CC,,
928,lag_t_6_porc_obl_mora1_30_CC,,
929,lag_t_1_porc_obl_mora31_60_CC,,
930,lag_t_6_porc_obl_mora31_60_CC,,
931,lag_t_1_porc_obl_mora61_90_CC,,
932,lag_t_6_porc_obl_mora61_90_CC,,
933,lag_t_1_porc_obl_mora91_120_CC,,
934,lag_t_6_porc_obl_mora91_120_CC,,
935,lag_t_1_porc_obl_mora121_mas_CC,,
936,lag_t_6_porc_obl_mora121_mas_CC,,
937,lag_t_1_porc_obl_mora1_30_TC_X,0.0,1.0
938,lag_t_6_porc_obl_mora1_30_TC_X,0.0,1.0
939,lag_t_1_porc_obl_mora31_60_TC_X,0.0,0.0
940,lag_t_6_porc_obl_mora31_60_TC_X,0.0,0.0
941,lag_t_1_porc_obl_mora61_90_TC_X,0.0,0.0
942,lag_t_6_porc_obl_mora61_90_TC_X,0.0,0.0
943,lag_t_1_porc_obl_mora91_120_TC_X,0.0,0.0
944,lag_t_6_porc_obl_mora91_120_TC_X,0.0,0.0
945,lag_t_1_porc_obl_mora121_mas_TC_X,0.0,0.0
946,lag_t_6_porc_obl_mora121_mas_TC_X,0.0,0.0
947,lag_t_1_porc_obl_mora1_30_TC_T,0.0,0.0
948,lag_t_6_porc_obl_mora1_30_TC_T,0.0,0.0
949,lag_t_1_porc_obl_mora31_60_TC_T,0.0,0.0
950,lag_t_6_porc_obl_mora31_60_TC_T,0.0,0.0
951,lag_t_1_porc_obl_mora61_90_TC_T,0.0,0.0
952,lag_t_6_porc_obl_mora61_90_TC_T,0.0,0.0
953,lag_t_1_porc_obl_mora91_120_TC_T,0.0,0.0
954,lag_t_6_porc_obl_mora91_120_TC_T,0.0,0.0
955,lag_t_1_porc_obl_mora121_mas_TC_T,0.0,0.0
956,lag_t_6_porc_obl_mora121_mas_TC_T,0.0,0.0
957,lag_t_1_porc_obl_mora1_30_tot,0.0,1.0
958,lag_t_6_porc_obl_mora1_30_tot,0.0,1.0
959,lag_t_1_porc_obl_mora31_60_tot,0.0,1.0
960,lag_t_6_porc_obl_mora31_60_tot,0.0,1.0
961,lag_t_1_porc_obl_mora61_90_tot,0.0,0.0
962,lag_t_6_porc_obl_mora61_90_tot,0.0,0.0
963,lag_t_1_porc_obl_mora91_120_tot,0.0,0.0
964,lag_t_6_porc_obl_mora91_120_tot,0.0,1.0
965,lag_t_1_porc_obl_mora121_mas_tot,0.0,0.0
966,lag_t_6_porc_obl_mora121_mas_tot,0.0,0.0
967,dif_porc_t_1_mora_maxLB,-1.0,1.0
968,dif_porc_t_6_mora_maxLB,-1.0,1.0
969,dif_porc_t_1_mora_maxTC,-1.0,0.0
970,dif_porc_t_6_mora_maxTC,-1.0,0.0
971,dif_porc_t_1_mora_maxNV,0.0,0.0
972,dif_porc_t_6_mora_maxNV,0.0,0.0
973,dif_porc_t_1_mora_maxCH,-1.0,0.0
974,dif_porc_t_6_mora_maxCH,0.0,0.0
975,dif_porc_t_1_mora_maxCE,0.0,0.0
976,dif_porc_t_6_mora_maxCE,0.0,0.0
977,dif_porc_t_1_mora_maxLE,-1.0,0.0
978,dif_porc_t_6_mora_maxLE,-1.0,0.0
979,dif_porc_t_1_mora_maxME,0.0,0.0
980,dif_porc_t_6_mora_maxME,0.0,0.0
981,dif_porc_t_1_mora_maxSO,0.0,0.0
982,dif_porc_t_6_mora_maxSO,0.0,0.0
983,dif_porc_t_1_mora_maxCC,0.0,0.0
984,dif_porc_t_6_mora_maxCC,0.0,0.0
985,dif_porc_t_1_mora_maxTC_X,-1.0,0.0
986,dif_porc_t_6_mora_maxTC_X,-1.0,0.0
987,dif_porc_t_1_mora_maxTC_T,0.0,0.0
988,dif_porc_t_6_mora_maxTC_T,0.0,0.0
989,dif_porc_t_1_mora_max_tot,-1.0,1.0
990,dif_porc_t_6_mora_max_tot,-1.0,1.0
991,dif_porc_t_1_saldo_tot_LB_SMLV,-0.9828737478761015,110.89616036318297
992,dif_porc_t_6_saldo_tot_LB_SMLV,-0.9930011492407154,289.1495972735022
993,dif_porc_t_1_saldo_tot_TC_SMLV,-1.0,24035.087719298248
994,dif_porc_t_6_saldo_tot_TC_SMLV,-1.0,2.934236676412876
995,dif_porc_t_1_saldo_tot_NV_SMLV,-1.0,0.0
996,dif_porc_t_6_saldo_tot_NV_SMLV,-1.0,0.0
997,dif_porc_t_1_saldo_tot_CH_SMLV,-1.0,0.0
998,dif_porc_t_6_saldo_tot_CH_SMLV,-1.0,0.0
999,dif_porc_t_1_saldo_tot_CE_SMLV,-0.043478399574015086,0.005572755417956768
1000,dif_porc_t_6_saldo_tot_CE_SMLV,-0.38956681584621805,1.0
1001,dif_porc_t_1_saldo_tot_LE_SMLV,-0.03203398804696137,0.006177574940717258
1002,dif_porc_t_6_saldo_tot_LE_SMLV,-0.21001070728505775,0.0
1003,dif_porc_t_1_saldo_tot_ME_SMLV,0.0,0.0
1004,dif_porc_t_6_saldo_tot_ME_SMLV,0.0,0.0
1005,dif_porc_t_1_saldo_tot_SO_SMLV,0.0,0.9881276252238805
1006,dif_porc_t_6_saldo_tot_SO_SMLV,0.0,0.9881401482486393
1007,dif_porc_t_1_saldo_tot_CC_SMLV,0.0,0.0
1008,dif_porc_t_6_saldo_tot_CC_SMLV,0.0,0.0
1009,dif_porc_t_1_saldo_tot_TC_X_SMLV,-1.0,24035.087719298248
1010,dif_porc_t_6_saldo_tot_TC_X_SMLV,-1.0,1.0
1011,dif_porc_t_1_saldo_tot_TC_T_SMLV,-0.3796784849168133,3.5819717718870803
1012,dif_porc_t_6_saldo_tot_TC_T_SMLV,-1.0,2.934236676412876
1013,dif_porc_t_1_saldo_tot_tot_SMLV,-0.9828737478761015,110.89616036318297
1014,dif_porc_t_6_saldo_tot_tot_SMLV,-0.9930011492407154,2668.5376975324366
1015,dif_porc_t_1_cuota_tot_LB_SMLV,-0.8917140293149864,7.2108760415944975
1016,dif_porc_t_6_cuota_tot_LB_SMLV,-0.9083316122481199,16.171166522042473
1017,dif_porc_t_1_cuota_tot_TC_SMLV,-1.0,3.686198448107241
1018,dif_porc_t_6_cuota_tot_TC_SMLV,-1.0,4.602926288859823
1019,dif_porc_t_1_cuota_tot_NV_SMLV,-1.0,0.0
1020,dif_porc_t_6_cuota_tot_NV_SMLV,-1.0,0.15193299045685646
1021,dif_porc_t_1_cuota_tot_CH_SMLV,-1.0,0.021517432456690282
1022,dif_porc_t_6_cuota_tot_CH_SMLV,-1.0,0.002519529543238049
1023,dif_porc_t_1_cuota_tot_CE_SMLV,-0.9999144007262422,0.0
1024,dif_porc_t_6_cuota_tot_CE_SMLV,-0.9999195696885425,1.0
1025,dif_porc_t_1_cuota_tot_LE_SMLV,-0.056409628497557526,0.0
1026,dif_porc_t_6_cuota_tot_LE_SMLV,-0.05662527331449599,0.0
1027,dif_porc_t_1_cuota_tot_ME_SMLV,0.0,0.0
1028,dif_porc_t_6_cuota_tot_ME_SMLV,0.0,0.0
1029,dif_porc_t_1_cuota_tot_SO_SMLV,0.0,0.0
1030,dif_porc_t_6_cuota_tot_SO_SMLV,0.0,0.0
1031,dif_porc_t_1_cuota_tot_CC_SMLV,0.0,0.0
1032,dif_porc_t_6_cuota_tot_CC_SMLV,0.0,0.0
1033,dif_porc_t_1_cuota_tot_TC_X_SMLV,-1.0,3.686198448107241
1034,dif_porc_t_6_cuota_tot_TC_X_SMLV,-1.0,1.0
1035,dif_porc_t_1_cuota_tot_TC_T_SMLV,-0.6047705765014437,2.396658680780127
1036,dif_porc_t_6_cuota_tot_TC_T_SMLV,-1.0,4.602926288859823
1037,dif_porc_t_1_cuota_tot_tot_SMLV,-0.9999144007262422,7.2108760415944975
1038,dif_porc_t_6_cuota_tot_tot_SMLV,-0.9999195696885425,73.55347052994793
1039,dif_porc_t_1_cupo_tot_LB_SMLV,-0.9228395061728395,21.703125
1040,dif_porc_t_6_cupo_tot_LB_SMLV,-0.9387058564054441,42.490593346825804
1041,dif_porc_t_1_cupo_tot_TC_SMLV,-1.0,28.129274395329446
1042,dif_porc_t_6_cupo_tot_TC_SMLV,-1.0,2.9342979880057247
1043,dif_porc_t_1_cupo_tot_NV_SMLV,-1.0,0.0
1044,dif_porc_t_6_cupo_tot_NV_SMLV,-1.0,0.0
1045,dif_porc_t_1_cupo_tot_CH_SMLV,-1.0,0.0
1046,dif_porc_t_6_cupo_tot_CH_SMLV,-1.0,0.0
1047,dif_porc_t_1_cupo_tot_CE_SMLV,-0.8083332881836596,0.0
1048,dif_porc_t_6_cupo_tot_CE_SMLV,-0.8191822338020018,1.0
1049,dif_porc_t_1_cupo_tot_LE_SMLV,0.0,0.0
1050,dif_porc_t_6_cupo_tot_LE_SMLV,-0.102593143608806,0.0
1051,dif_porc_t_1_cupo_tot_ME_SMLV,0.0,0.0
1052,dif_porc_t_6_cupo_tot_ME_SMLV,0.0,0.0
1053,dif_porc_t_1_cupo_tot_SO_SMLV,0.0,0.9881276252238805
1054,dif_porc_t_6_cupo_tot_SO_SMLV,0.0,0.9881401482486393
1055,dif_porc_t_1_cupo_tot_CC_SMLV,0.0,0.0
1056,dif_porc_t_6_cupo_tot_CC_SMLV,0.0,0.0
1057,dif_porc_t_1_cupo_tot_TC_X_SMLV,-1.0,28.129274395329446
1058,dif_porc_t_6_cupo_tot_TC_X_SMLV,-1.0,1.0
1059,dif_porc_t_1_cupo_tot_TC_T_SMLV,-0.37856343377339063,3.5189013051133538
1060,dif_porc_t_6_cupo_tot_TC_T_SMLV,-1.0,2.9342979880057247
1061,dif_porc_t_1_cupo_tot_tot_SMLV,-0.9228395061728395,21.703125
1062,dif_porc_t_6_cupo_tot_tot_SMLV,-0.9387058564054441,4203.170954445773
1063,dif_porc_t_1_utilizacion_prom_TC_X,-1.0,824.1522984435263
1064,dif_porc_t_6_utilizacion_prom_TC_X,-1.0,1.0
1065,dif_porc_t_1_utilizacion_prom_TC_T,-0.02216458761176377,0.013957035685280174
1066,dif_porc_t_6_utilizacion_prom_TC_T,-1.0,1.0
1067,dif_porc_t_1_utilizacion_prom_TC,-1.0,824.1522984435263
1068,dif_porc_t_6_utilizacion_prom_TC,-1.0,1.0
1069,dif_porc_t_1_amortizacion_prom_LB,-1.0,7.905459631128138
1070,dif_porc_t_6_amortizacion_prom_LB,-1.0,1469.4933829619813
1071,dif_porc_t_1_amortizacion_prom_NV,-1.0,0.03507393411068232
1072,dif_porc_t_6_amortizacion_prom_NV,-1.0,0.23611116926126857
1073,dif_porc_t_1_amortizacion_prom_CH,-1.0,0.04431279903027715
1074,dif_porc_t_6_amortizacion_prom_CH,-1.0,0.20856927473014863
1075,dif_porc_t_1_amortizacion_prom_CE,-1.0,2.5299743678029
1076,dif_porc_t_6_amortizacion_prom_CE,-1.0,1.1967668065804171
1077,dif_porc_t_1_amortizacion_prom_LE,-0.358570617741102,0.4893553995223667
1078,dif_porc_t_6_amortizacion_prom_LE,-0.772577029787123,1.1764283082059714
1079,dif_porc_t_1_amortizacion_prom_ME,0.0,0.0
1080,dif_porc_t_6_amortizacion_prom_ME,0.0,0.0
1081,dif_porc_t_1_amortizacion_prom_SO,0.0,0.0
1082,dif_porc_t_6_amortizacion_prom_SO,0.0,0.0
1083,dif_porc_t_1_amortizacion_prom_CC,0.0,0.0
1084,dif_porc_t_6_amortizacion_prom_CC,0.0,0.0
1085,dif_porc_t_1_amortizacion_prom_tot,-1.0,7.905459631128138
1086,dif_porc_t_6_amortizacion_prom_tot,-1.0,1469.4933829619813
1087,dif_porc_t_1_porc_obl_mora1_30_LB,-1.0,1.0
1088,dif_porc_t_6_porc_obl_mora1_30_LB,-1.0,1.0
1089,dif_porc_t_1_porc_obl_mora31_60_LB,-1.0,0.0
1090,dif_porc_t_6_porc_obl_mora31_60_LB,-1.0,0.0
1091,dif_porc_t_1_porc_obl_mora61_90_LB,0.0,0.0
1092,dif_porc_t_6_porc_obl_mora61_90_LB,0.0,0.0
1093,dif_porc_t_1_porc_obl_mora91_120_LB,0.0,0.0
1094,dif_porc_t_6_porc_obl_mora91_120_LB,-1.0,0.0
1095,dif_porc_t_1_porc_obl_mora121_mas_LB,0.0,0.0
1096,dif_porc_t_6_porc_obl_mora121_mas_LB,0.0,0.0
1097,dif_porc_t_1_porc_obl_mora1_30_TC,-1.0,0.0
1098,dif_porc_t_6_porc_obl_mora1_30_TC,-1.0,0.0
1099,dif_porc_t_1_porc_obl_mora31_60_TC,0.0,0.0
1100,dif_porc_t_6_porc_obl_mora31_60_TC,0.0,0.0
1101,dif_porc_t_1_porc_obl_mora61_90_TC,0.0,0.0
1102,dif_porc_t_6_porc_obl_mora61_90_TC,0.0,0.0
1103,dif_porc_t_1_porc_obl_mora91_120_TC,0.0,0.0
1104,dif_porc_t_6_porc_obl_mora91_120_TC,0.0,0.0
1105,dif_porc_t_1_porc_obl_mora121_mas_TC,0.0,0.0
1106,dif_porc_t_6_porc_obl_mora121_mas_TC,0.0,0.0
1107,dif_porc_t_1_porc_obl_mora1_30_NV,0.0,0.0
1108,dif_porc_t_6_porc_obl_mora1_30_NV,0.0,0.0
1109,dif_porc_t_1_porc_obl_mora31_60_NV,0.0,0.0
1110,dif_porc_t_6_porc_obl_mora31_60_NV,0.0,0.0
1111,dif_porc_t_1_porc_obl_mora61_90_NV,0.0,0.0
1112,dif_porc_t_6_porc_obl_mora61_90_NV,0.0,0.0
1113,dif_porc_t_1_porc_obl_mora91_120_NV,0.0,0.0
1114,dif_porc_t_6_porc_obl_mora91_120_NV,0.0,0.0
1115,dif_porc_t_1_porc_obl_mora121_mas_NV,0.0,0.0
1116,dif_porc_t_6_porc_obl_mora121_mas_NV,0.0,0.0
1117,dif_porc_t_1_porc_obl_mora1_30_CH,-1.0,0.0
1118,dif_porc_t_6_porc_obl_mora1_30_CH,0.0,0.0
1119,dif_porc_t_1_porc_obl_mora31_60_CH,0.0,0.0
1120,dif_porc_t_6_porc_obl_mora31_60_CH,0.0,0.0
1121,dif_porc_t_1_porc_obl_mora61_90_CH,0.0,0.0
1122,dif_porc_t_6_porc_obl_mora61_90_CH,0.0,0.0
1123,dif_porc_t_1_porc_obl_mora91_120_CH,0.0,0.0
1124,dif_porc_t_6_porc_obl_mora91_120_CH,0.0,0.0
1125,dif_porc_t_1_porc_obl_mora121_mas_CH,0.0,0.0
1126,dif_porc_t_6_porc_obl_mora121_mas_CH,0.0,0.0
1127,dif_porc_t_1_porc_obl_mora1_30_CE,0.0,0.0
1128,dif_porc_t_6_porc_obl_mora1_30_CE,0.0,0.0
1129,dif_porc_t_1_porc_obl_mora31_60_CE,0.0,0.0
1130,dif_porc_t_6_porc_obl_mora31_60_CE,0.0,0.0
1131,dif_porc_t_1_porc_obl_mora61_90_CE,0.0,0.0
1132,dif_porc_t_6_porc_obl_mora61_90_CE,0.0,0.0
1133,dif_porc_t_1_porc_obl_mora91_120_CE,0.0,0.0
1134,dif_porc_t_6_porc_obl_mora91_120_CE,0.0,0.0
1135,dif_porc_t_1_porc_obl_mora121_mas_CE,0.0,0.0
1136,dif_porc_t_6_porc_obl_mora121_mas_CE,0.0,0.0
1137,dif_porc_t_1_porc_obl_mora1_30_LE,-1.0,0.0
1138,dif_porc_t_6_porc_obl_mora1_30_LE,-1.0,0.0
1139,dif_porc_t_1_porc_obl_mora31_60_LE,0.0,0.0
1140,dif_porc_t_6_porc_obl_mora31_60_LE,0.0,0.0
1141,dif_porc_t_1_porc_obl_mora61_90_LE,0.0,0.0
1142,dif_porc_t_6_porc_obl_mora61_90_LE,0.0,0.0
1143,dif_porc_t_1_porc_obl_mora91_120_LE,0.0,0.0
1144,dif_porc_t_6_porc_obl_mora91_120_LE,0.0,0.0
1145,dif_porc_t_1_porc_obl_mora121_mas_LE,0.0,0.0
1146,dif_porc_t_6_porc_obl_mora121_mas_LE,0.0,0.0
1147,dif_porc_t_1_porc_obl_mora1_30_ME,0.0,0.0
1148,dif_porc_t_6_porc_obl_mora1_30_ME,0.0,0.0
1149,dif_porc_t_1_porc_obl_mora31_60_ME,0.0,0.0
1150,dif_porc_t_6_porc_obl_mora31_60_ME,0.0,0.0
1151,dif_porc_t_1_porc_obl_mora61_90_ME,0.0,0.0
1152,dif_porc_t_6_porc_obl_mora61_90_ME,0.0,0.0
1153,dif_porc_t_1_porc_obl_mora91_120_ME,0.0,0.0
1154,dif_porc_t_6_porc_obl_mora91_120_ME,0.0,0.0
1155,dif_porc_t_1_porc_obl_mora121_mas_ME,0.0,0.0
1156,dif_porc_t_6_porc_obl_mora121_mas_ME,0.0,0.0
1157,dif_porc_t_1_porc_obl_mora1_30_SO,0.0,0.0
1158,dif_porc_t_6_porc_obl_mora1_30_SO,0.0,0.0
1159,dif_porc_t_1_porc_obl_mora31_60_SO,0.0,0.0
1160,dif_porc_t_6_porc_obl_mora31_60_SO,0.0,0.0
1161,dif_porc_t_1_porc_obl_mora61_90_SO,0.0,0.0
1162,dif_porc_t_6_porc_obl_mora61_90_SO,0.0,0.0
1163,dif_porc_t_1_porc_obl_mora91_120_SO,0.0,0.0
1164,dif_porc_t_6_porc_obl_mora91_120_SO,0.0,0.0
1165,dif_porc_t_1_porc_obl_mora121_mas_SO,0.0,0.0
1166,dif_porc_t_6_porc_obl_mora121_mas_SO,0.0,0.0
1167,dif_porc_t_1_porc_obl_mora1_30_CC,0.0,0.0
1168,dif_porc_t_6_porc_obl_mora1_30_CC,0.0,0.0
1169,dif_porc_t_1_porc_obl_mora31_60_CC,0.0,0.0
1170,dif_porc_t_6_porc_obl_mora31_60_CC,0.0,0.0
1171,dif_porc_t_1_porc_obl_mora61_90_CC,0.0,0.0
1172,dif_porc_t_6_porc_obl_mora61_90_CC,0.0,0.0
1173,dif_porc_t_1_porc_obl_mora91_120_CC,0.0,0.0
1174,dif_porc_t_6_porc_obl_mora91_120_CC,0.0,0.0
1175,dif_porc_t_1_porc_obl_mora121_mas_CC,0.0,0.0
1176,dif_porc_t_6_porc_obl_mora121_mas_CC,0.0,0.0
1177,dif_porc_t_1_porc_obl_mora1_30_TC_X,-1.0,0.0
1178,dif_porc_t_6_porc_obl_mora1_30_TC_X,-1.0,0.0
1179,dif_porc_t_1_porc_obl_mora31_60_TC_X,0.0,0.0
1180,dif_porc_t_6_porc_obl_mora31_60_TC_X,0.0,0.0
1181,dif_porc_t_1_porc_obl_mora61_90_TC_X,0.0,0.0
1182,dif_porc_t_6_porc_obl_mora61_90_TC_X,0.0,0.0
1183,dif_porc_t_1_porc_obl_mora91_120_TC_X,0.0,0.0
1184,dif_porc_t_6_porc_obl_mora91_120_TC_X,0.0,0.0
1185,dif_porc_t_1_porc_obl_mora121_mas_TC_X,0.0,0.0
1186,dif_porc_t_6_porc_obl_mora121_mas_TC_X,0.0,0.0
1187,dif_porc_t_1_porc_obl_mora1_30_TC_T,0.0,0.0
1188,dif_porc_t_6_porc_obl_mora1_30_TC_T,0.0,0.0
1189,dif_porc_t_1_porc_obl_mora31_60_TC_T,0.0,0.0
1190,dif_porc_t_6_porc_obl_mora31_60_TC_T,0.0,0.0
1191,dif_porc_t_1_porc_obl_mora61_90_TC_T,0.0,0.0
1192,dif_porc_t_6_porc_obl_mora61_90_TC_T,0.0,0.0
1193,dif_porc_t_1_porc_obl_mora91_120_TC_T,0.0,0.0
1194,dif_porc_t_6_porc_obl_mora91_120_TC_T,0.0,0.0
1195,dif_porc_t_1_porc_obl_mora121_mas_TC_T,0.0,0.0
1196,dif_porc_t_6_porc_obl_mora121_mas_TC_T,0.0,0.0
1197,dif_porc_t_1_porc_obl_mora1_30_tot,-1.0,1.0
1198,dif_porc_t_6_porc_obl_mora1_30_tot,-1.0,1.0
1199,dif_porc_t_1_porc_obl_mora31_60_tot,-1.0,0.0
1200,dif_porc_t_6_porc_obl_mora31_60_tot,-1.0,0.0
1201,dif_porc_t_1_porc_obl_mora61_90_tot,0.0,0.0
1202,dif_porc_t_6_porc_obl_mora61_90_tot,0.0,0.0
1203,dif_porc_t_1_porc_obl_mora91_120_tot,0.0,0.0
1204,dif_porc_t_6_porc_obl_mora91_120_tot,-1.0,0.0
1205,dif_porc_t_1_porc_obl_mora121_mas_tot,0.0,0.0
1206,dif_porc_t_6_porc_obl_mora121_mas_tot,0.0,0.0
1207,cupo_prom_ult3_meses_total,0.0,11000000.0
1208,cuota_paga_prom_ult7_meses_total,0.0,87.5
1209,cupo_prom_ult7_meses_total,0.0,11000000.0
1210,mora_max_ult3_meses_total,0.0,56.0
1211,saldo_prom_ult3_meses_total,0.0,410652153.0
1212,saldo_prom_ult6_meses_total,0.0,410652153.0
1213,util_prom_ult6_meses_total,0.0,1.00130579791139
1214,mora_cierre_ult_mes_total,0.0,56.0
1215,mora_max_ult6_meses_total,0.0,57.0
1216,util_prom_ult9_meses_total,0.0,1.0201211310679612
1217,saldo_prom_ult7_meses_total,0.0,410652153.0
1218,util_prom_ult3_meses_total,0.0,1.0
1219,cuota_paga_prom_ult3_meses_total,0.0,88.5
1220,util_prom_ult9_meses_expr,0.538811242218144,1.0
1221,util_prom_ult6_meses_expr,0.538811242218144,1.0
1222,cuota_paga_prom_ult7_meses_expr,0.0,0.0
1223,mora_max_ult3_meses_expr,0.0,13.0
1224,saldo_prom_ult3_meses_expr,46000.0,5081836.615
1225,mora_max_ult6_meses_expr,0.0,13.0
1226,saldo_prom_ult6_meses_expr,46000.0,5289721.9399999995
1227,util_prom_ult3_meses_expr,0.538811242218144,1.0
1228,mora_cierre_ult_mes_expr,0.0,13.0
1229,cupo_prom_ult7_meses_expr,1000000.0,8000000.0
1230,cupo_prom_ult3_meses_expr,1000000.0,8000000.0
1231,saldo_prom_ult7_meses_expr,46000.0,5360432.31625
1232,cuota_paga_prom_ult3_meses_expr,0.0,0.0
1233,mora_max_ult3_meses_trad,0.0,0.0
1234,saldo_prom_ult3_meses_trad,0.0,6180263.955
1235,util_prom_ult9_meses_trad,0.0,0.9889476182109599
1236,mora_max_ult6_meses_trad,0.0,0.0
1237,cupo_prom_ult7_meses_trad,0.0,11000000.0
1238,util_prom_ult6_meses_trad,0.0,0.9889476182109599
1239,mora_cierre_ult_mes_trad,0.0,0.0
1240,cuota_paga_prom_ult3_meses_trad,0.0,0.0
1241,saldo_prom_ult6_meses_trad,0.0,5737145.374285714
1242,cuota_paga_prom_ult7_meses_trad,0.0,0.0
1243,util_prom_ult3_meses_trad,0.0,0.9881201511896802
1244,cupo_prom_ult3_meses_trad,0.0,11000000.0
1245,saldo_prom_ult7_meses_trad,0.0,5217929.092499999
1246,num_lib_solicitadas,1.0,24.0
1247,prom_monto_solicitado,1000000.0,400000000.0
1248,prom_monto_aprobado,1000000.0,400000000.0
1249,prom_monto_desembolsado,756013.0,399968363.0
1250,prom_monto_novado,0.0,129775061.16666667
1251,prom_prop_desembolso,0.0797064565946245,1.0176874
1252,prom_n_cuotas,9.333333333333334,120.0
1253,prom_valor_cuota,29946.333333333332,6682862.0
1254,prom_tasa,8.76,24.319999999999997
1255,prom_dias_procesamiento,0.0,70.0
1256,max_dias_procesamiento,0.0,78.0
1257,n_novaciones,0.0,22.0
1258,pasv_num_ctas_vig_tot,1.0,18.0
1259,pasv_num_ctas_vig_cc,0.0,1.0
1260,pasv_num_ctas_vig_ca,0.0,4.0
1261,pasv_num_ctas_vig_cdt,0.0,16.0
1262,pasv_dias_desde_ultima_trans,2.0,3395.0
1263,pasv_antig_total,0.16666666666666666,765.1666666666666
1264,pasv_num_meses_ult_apertura,0.1,765.1666666666666
1265,pasv_saldo_tot_fin_mes_smlv,-0.10789522240845487,500.45640072163803
1266,pasv_saldo_cc_fin_mes_smlv,-0.12196657231595574,193.65580568422783
1267,pasv_saldo_ca_fin_mes_smlv,-0.004977841268614541,325.41669021006715
1268,pasv_saldo_cdt_fin_mes_smlv,0.6037801467427268,476.98631592675423
1269,pasv_saldo_min_fin_mes_smlv,-0.12196657231595574,325.41669021006715
1270,pasv_saldo_min_cc_fin_mes_smlv,-0.12196657231595574,193.65580568422783
1271,pasv_saldo_min_ca_fin_mes_smlv,-0.004977841268614541,325.41669021006715
1272,pasv_saldo_min_cdt_fin_mes_smlv,0.6037801467427268,241.51205869709074
1273,pasv_saldo_max_fin_mes_smlv,-0.004977841268614541,325.41669021006715
1274,pasv_saldo_max_cc_fin_mes_smlv,-0.12196657231595574,193.65580568422783
1275,pasv_saldo_max_ca_fin_mes_smlv,-0.004977841268614541,325.41669021006715
1276,pasv_saldo_max_cdt_fin_mes_smlv,0.6037801467427268,241.51205869709074
1277,fecha,2018-12-01 00:00:00,2019-10-01 00:00:00
1278,pasv_saldo_total_1mes_atras,-0.10789522240845487,500.45640072163803
1279,pasv_saldo_cc_1mes_atras,-0.12196657231595574,193.65580568422783
1280,pasv_saldo_ca_1mes_atras,-0.004977841268614541,474.8290874949886
1281,pasv_saldo_cdt_1mes_atras,0.0,476.98631592675423
1282,pasv_saldo_total_3mes_atras,-0.03952319481811727,492.3367471183586
1283,pasv_saldo_cc_3mes_atras,-0.08155375172882383,164.86467570163276
1284,pasv_saldo_ca_3mes_atras,0.0,317.4219660248886
1285,pasv_saldo_cdt_3mes_atras,0.0,476.98631592675423
1286,pasv_saldo_total_6mes_atras,-0.028050327490351596,482.30129613081584
1287,pasv_saldo_cc_6mes_atras,-0.0773193047028838,119.92941591516164
1288,pasv_saldo_ca_6mes_atras,0.0,309.01428313183175
1289,pasv_saldo_cdt_6mes_atras,0.0,444.7847081004755
1290,fecha_ult_tx,2019-02-11 00:00:00,2019-11-30 00:00:00
1291,dias_desde_ult_tx,0.0,29.0
1292,num_tx_mes_ant,1.0,19.0
1293,prom_mov_mes_ant,14500.0,3000000.0
1294,num_cuot_mes_ant,,
1295,fecha_ult_tx_expr,2019-02-21 00:00:00,2019-10-30 00:00:00
1296,dias_desde_ult_tx_expr,1.0,29.0
1297,num_tx_mes_ant_expr,1.0,19.0
1298,prom_mov_mes_ant_expr,14500.0,340000.0
1299,mode_pais_tx_expr,,
1300,num_cuot_mes_ant_expr,,
1301,fecha_ult_tx_trad,2019-02-11 00:00:00,2019-11-30 00:00:00
1302,dias_desde_ult_tx_trad,0.0,17.0
1303,num_tx_mes_ant_trad,1.0,10.0
1304,prom_mov_mes_ant_trad,14850.0,3000000.0
1305,num_cuot_mes_ant_trad,,
1306,fecha_ult_tx_la14,2019-03-19 00:00:00,2019-04-21 00:00:00
1307,dias_desde_ult_tx_la14,9.0,12.0
1308,num_tx_mes_ant_la14,1.0,1.0
1309,prom_mov_mes_ant_la14,386910.0,420254.0
1310,mode_pais_tx_la14,,
1311,num_cuot_mes_ant_la14,,
1312,num_tx_ult_1mes,0.0,13.2
1313,num_tx_ult_2meses,0.0,37.0
1314,num_tx_ult_3meses,0.0,47.0
1315,num_tx_ult_4meses,0.0,62.3
1316,num_tx_ult_6meses,0.0,90.0
1317,prom_tx_ult_1mes,0.0,13.2
1318,prom_tx_ult_2meses,0.0,18.5
1319,prom_tx_ult_3meses,0.0,15.666666666666666
1320,prom_tx_ult_4meses,0.0,15.575
1321,prom_tx_ult_6meses,0.0,15.0
1322,valor_mov_ult_1mes,68450.0,8737263.137
1323,valor_mov_ult_2meses,127000.0,18299658.921
1324,valor_mov_ult_3meses,186758.0,22755659.413000006
1325,valor_mov_ult_4meses,186758.0,32812335.695000004
1326,valor_mov_ult_6meses,186758.0,43859975.091000006
1327,prom_mov_ult_1mes,15160.0,1925000.0
1328,prom_mov_ult_2meses,33042.857142857145,1925000.0
1329,prom_mov_ult_3meses,31592.857142857145,1925000.0
1330,prom_mov_ult_4meses,27494.583333333336,1925000.0
1331,prom_mov_ult_6meses,62252.666666666664,1925000.0
1332,prom_cuot_ult_1mes,1.0,1.0
1333,prom_cuot_ult_2meses,2.6666666666666665,2.6666666666666665
1334,prom_cuot_ult_3meses,1.0,2.6666666666666665
1335,prom_cuot_ult_4meses,1.0,2.6666666666666665
1336,prom_cuot_ult_6meses,1.0,2.6666666666666665
1337,num_tx_ult_1mes_trad,0.0,13.2
1338,num_tx_ult_2meses_trad,0.0,27.4
1339,num_tx_ult_3meses_trad,0.0,45.3
1340,num_tx_ult_4meses_trad,0.0,62.3
1341,num_tx_ult_6meses_trad,0.0,90.0
1342,prom_tx_ult_1mes_trad,0.0,13.2
1343,prom_tx_ult_2meses_trad,0.0,13.7
1344,prom_tx_ult_3meses_trad,0.0,15.099999999999998
1345,prom_tx_ult_4meses_trad,0.0,15.575
1346,prom_tx_ult_6meses_trad,0.0,15.0
1347,valor_mov_ult_1mes_trad,68450.0,8737263.137
1348,valor_mov_ult_2meses_trad,214250.0,18299658.921
1349,valor_mov_ult_3meses_trad,221150.0,22755659.413000006
1350,valor_mov_ult_4meses_trad,329935.0,32812335.695000004
1351,valor_mov_ult_6meses_trad,1334511.0,43859975.091000006
1352,prom_mov_ult_1mes_trad,15160.0,1925000.0
1353,prom_mov_ult_2meses_trad,33042.857142857145,1925000.0
1354,prom_mov_ult_3meses_trad,31592.857142857145,1925000.0
1355,prom_mov_ult_4meses_trad,27494.583333333336,1925000.0
1356,prom_mov_ult_6meses_trad,65139.04880952381,1925000.0
1357,prom_cuot_ult_1mes_trad,1.0,1.0
1358,prom_cuot_ult_2meses_trad,2.6666666666666665,2.6666666666666665
1359,prom_cuot_ult_3meses_trad,1.0,2.6666666666666665
1360,prom_cuot_ult_4meses_trad,1.0,2.6666666666666665
1361,prom_cuot_ult_6meses_trad,1.0,2.6666666666666665
1362,num_tx_ult_1mes_expr,0.0,13.0
1363,num_tx_ult_2meses_expr,0.0,37.0
1364,num_tx_ult_3meses_expr,0.0,47.0
1365,num_tx_ult_4meses_expr,0.0,48.0
1366,num_tx_ult_6meses_expr,0.0,70.94736842105263
1367,prom_tx_ult_1mes_expr,0.0,13.0
1368,prom_tx_ult_2meses_expr,0.0,18.5
1369,prom_tx_ult_3meses_expr,0.0,15.666666666666666
1370,prom_tx_ult_4meses_expr,0.0,12.0
1371,prom_tx_ult_6meses_expr,0.0,11.824561403508772
1372,valor_mov_ult_1mes_expr,207000.0,2788341.2300000004
1373,valor_mov_ult_2meses_expr,127000.0,5945697.82
1374,valor_mov_ult_3meses_expr,186758.0,8397361.67
1375,valor_mov_ult_4meses_expr,186758.0,8437361.67
1376,valor_mov_ult_6meses_expr,186758.0,14467320.751578946
1377,prom_mov_ult_1mes_expr,59541.66666666667,214556.8370258884
1378,prom_mov_ult_2meses_expr,63500.0,428250.0
1379,prom_mov_ult_3meses_expr,62252.666666666664,428250.0
1380,prom_mov_ult_4meses_expr,62252.666666666664,428250.0
1381,prom_mov_ult_6meses_expr,62252.666666666664,428250.0
1382,prom_cuot_ult_1mes_expr,,
1383,prom_cuot_ult_2meses_expr,,
1384,prom_cuot_ult_3meses_expr,,
1385,prom_cuot_ult_4meses_expr,,
1386,prom_cuot_ult_6meses_expr,,
1387,num_tx_ult_1mes_14,0.0,0.0
1388,num_tx_ult_2meses_14,0.0,0.0
1389,num_tx_ult_3meses_14,0.0,0.0
1390,num_tx_ult_4meses_14,0.0,0.0
1391,num_tx_ult_6meses_14,0.0,0.0
1392,prom_tx_ult_1mes_14,0.0,0.0
1393,prom_tx_ult_2meses_14,0.0,0.0
1394,prom_tx_ult_3meses_14,0.0,0.0
1395,prom_tx_ult_4meses_14,0.0,0.0
1396,prom_tx_ult_6meses_14,0.0,0.0
1397,valor_mov_ult_1mes_14,,
1398,valor_mov_ult_2meses_14,,
1399,valor_mov_ult_3meses_14,,
1400,valor_mov_ult_4meses_14,,
1401,valor_mov_ult_6meses_14,,
1402,prom_mov_ult_1mes_14,,
1403,prom_mov_ult_2meses_14,,
1404,prom_mov_ult_3meses_14,,
1405,prom_mov_ult_4meses_14,,
1406,prom_mov_ult_6meses_14,,
1407,prom_cuot_ult_1mes_14,,
1408,prom_cuot_ult_2meses_14,,
1409,prom_cuot_ult_3meses_14,,
1410,prom_cuot_ult_4meses_14,,
1411,prom_cuot_ult_6meses_14,,
1412,num_tx_ult_1mes_pasv,0.0,266.18374558303884
1413,num_tx_ult_2meses_pasv,0.0,514.3427561837456
1414,num_tx_ult_3meses_pasv,0.0,782.6148409893993
1415,num_tx_ult_4meses_pasv,0.0,1044.636042402827
1416,num_tx_ult_6meses_pasv,0.0,1524.3604240282687
1417,prom_tx_ult_1meses_pasv,0.0,266.18374558303884
1418,prom_tx_ult_2meses_pasv,0.0,257.1713780918728
1419,prom_tx_ult_3meses_pasv,0.0,260.8716136631331
1420,prom_tx_ult_4meses_pasv,0.0,261.1590106007067
1421,prom_tx_ult_6meses_pasv,0.0,254.06007067137747
1422,valor_mov_ult_1mes_pasv,,
1423,valor_mov_ult_2meses_pasv,,
1424,valor_mov_ult_3meses_pasv,,
1425,valor_mov_ult_4meses_pasv,,
1426,valor_mov_ult_6meses_pasv,,
1427,prom_mov_ult_1mes_pasv,,
1428,prom_mov_ult_2meses_pasv,,
1429,prom_mov_ult_3meses_pasv,,
1430,prom_mov_ult_4meses_pasv,,
1431,prom_mov_ult_6meses_pasv,,
1432,sum_tx_linea_pasv,1.0,160.0
1433,sum_tx_nolinea_pasv,1.0,131.0
1434,dias_desde_ult_tx_pasv,0.0,30.0
1435,num_tx_ult_1mes_cte,0.0,54.549019607843135
1436,num_tx_ult_2meses_cte,0.0,124.34042553191489
1437,num_tx_ult_3meses_cte,0.0,169.29787234042553
1438,num_tx_ult_4meses_cte,0.0,235.08333333333334
1439,num_tx_ult_6meses_cte,0.0,360.0
1440,prom_tx_ult_1meses_cte,0.0,54.549019607843135
1441,prom_tx_ult_2meses_cte,0.0,62.170212765957444
1442,prom_tx_ult_3meses_cte,0.0,56.43262411347518
1443,prom_tx_ult_4meses_cte,0.0,58.770833333333336
1444,prom_tx_ult_6meses_cte,0.0,60.00000000000001
1445,valor_mov_ult_1mes_cte,,
1446,valor_mov_ult_2meses_cte,,
1447,valor_mov_ult_3meses_cte,,
1448,valor_mov_ult_4meses_cte,,
1449,valor_mov_ult_6meses_cte,,
1450,prom_mov_ult_1mes_cte,,
1451,prom_mov_ult_2meses_cte,,
1452,prom_mov_ult_3meses_cte,,
1453,prom_mov_ult_4meses_cte,,
1454,prom_mov_ult_6meses_cte,,
1455,sum_tx_linea_cte,1.0,67.0
1456,sum_tx_nolinea_cte,1.0,4.0
1457,dias_desde_ult_tx_cte,0.0,29.0
1458,num_tx_ult_1mes_cdt,0.0,36.351351351351354
1459,num_tx_ult_2meses_cdt,0.0,58.567567567567565
1460,num_tx_ult_3meses_cdt,0.0,92.37837837837837
1461,num_tx_ult_4meses_cdt,0.0,131.86486486486487
1462,num_tx_ult_6meses_cdt,0.0,183.8918918918919
1463,prom_tx_ult_1meses_cdt,0.0,36.351351351351354
1464,prom_tx_ult_2meses_cdt,0.0,29.283783783783782
1465,prom_tx_ult_3meses_cdt,0.0,30.792792792792795
1466,prom_tx_ult_4meses_cdt,0.0,32.96621621621622
1467,prom_tx_ult_6meses_cdt,0.0,30.64864864864865
1468,valor_mov_ult_1mes_cdt,,
1469,valor_mov_ult_2meses_cdt,,
1470,valor_mov_ult_3meses_cdt,,
1471,valor_mov_ult_4meses_cdt,,
1472,valor_mov_ult_6meses_cdt,,
1473,prom_mov_ult_1mes_cdt,,
1474,prom_mov_ult_2meses_cdt,,
1475,prom_mov_ult_3meses_cdt,,
1476,prom_mov_ult_4meses_cdt,,
1477,prom_mov_ult_6meses_cdt,,
1478,sum_tx_linea_cdt,1.0,7.0
1479,sum_tx_nolinea_cdt,1.0,37.0
1480,dias_desde_ult_tx_cdt,0.0,29.0
1481,num_tx_ult_1mes_ahr,0.0,266.18374558303884
1482,num_tx_ult_2meses_ahr,0.0,514.3427561837456
1483,num_tx_ult_3meses_ahr,0.0,782.6148409893993
1484,num_tx_ult_4meses_ahr,0.0,1044.636042402827
1485,num_tx_ult_6meses_ahr,0.0,1524.3604240282687
1486,prom_tx_ult_1meses_ahr,0.0,266.18374558303884
1487,prom_tx_ult_2meses_ahr,0.0,257.1713780918728
1488,prom_tx_ult_3meses_ahr,0.0,260.8716136631331
1489,prom_tx_ult_4meses_ahr,0.0,261.1590106007067
1490,prom_tx_ult_6meses_ahr,0.0,254.06007067137747
1491,valor_mov_ult_1mes_ahr,,
1492,valor_mov_ult_2meses_ahr,,
1493,valor_mov_ult_3meses_ahr,,
1494,valor_mov_ult_4meses_ahr,,
1495,valor_mov_ult_6meses_ahr,,
1496,prom_mov_ult_1mes_ahr,,
1497,prom_mov_ult_2meses_ahr,,
1498,prom_mov_ult_3meses_ahr,,
1499,prom_mov_ult_4meses_ahr,,
1500,prom_mov_ult_6meses_ahr,,
1501,sum_tx_linea_ahr,1.0,160.0
1502,sum_tx_nolinea_ahr,1.0,127.0
1503,dias_desde_ult_tx_ahr,0.0,30.0
1504,fecha_psi,201902,201912
